first_name,last_name,father_name,mother_name,dob,aadhar_number,pan_number,address,email,phone
Upma,Chaudhuri,Udyati Keer,Ganga Barman,11-05-1956,4441000000000,WCAPU4396T,"75, Ben Road, Jalna-286341",darpanbarman@example.org,3803277900
Advika,Pandya,Neha Raval,Falak Nagarajan,15-08-1994,1.02533E+11,SQRKE7213I,"823, Sachar Zila, Pimpri-Chinchwad 313991",borramugdha@example.org,7565161414
Zaitra,Dar,Onveer Trivedi,Jyoti Soni,05-02-1952,43016173018,GHZCO1416T,"82, Ramanathan Marg, Nizamabad 930461",groverdaniel@example.com,4042618113
Tejas,Shroff,Sudiksha Morar,Anjali Narula,25-05-1958,3.34917E+11,MQSRH0731B,"425, Sarin Street, Raichur-661998",vigjanuja@example.org,8447170122
Umang,Mital,Ranbir Ranganathan,Bhavani Tank,11-06-1966,7.45727E+11,GGFJS3062O,"H.No. 63, Mannan Marg, Shimla-082054",kala34@example.com,8818676860
Nachiket,Narasimhan,Nimrat Lata,Upasna Sridhar,21-06-1963,91426808744,SHLDL9440W,"H.No. 690, Patel, Coimbatore 251001",isaacrao@example.net,6787633072
Devika,Bobal,Zilmil Nadig,Urishilla Om,19-04-1969,7.69314E+11,AKIZR0041R,"H.No. 89, Garde Circle, Kamarhati 002865",ladshravya@example.com,819103834
Chandran,Pall,Meera Bhargava,Madhavi Menon,09-09-1966,6.03987E+11,IGXRW9681U,"13/79, Rout Marg, Kumbakonam-977596",xacharya@example.net,9824035487
Alexander,Kara,Akshay Bansal,Kamala Tak,26-06-1962,3.66501E+11,QZBYH4569B,"17/07, Chauhan Nagar, Raiganj 736529",radhika44@example.com,5097077795
Divya,Sahota,Urishilla Bajaj,Darsh Behl,05-09-1947,6.98511E+11,ZYXOQ1925C,"283, Mallick Zila, Secunderabad-530760",sundaramkrish@example.net,6439102156
Sudiksha,Goyal,Ijaya Badami,Umang Sen,13-03-1968,4.521E+11,YVTSJ1114W,"38, Mohanty Circle, Guwahati 144084",ishanikhalsa@example.com,5794328947
Gavin,Bhatia,Vamakshi Loyal,Tarak Nigam,21-04-2003,5.89516E+11,WNFNL4713N,"59/416, Banik Nagar, Bulandshahr-552106",kvenkataraman@example.com,6692461602
Nisha,Lanka,Gaurav Merchant,Urvashi Shankar,30-01-1935,5.49887E+11,IRREW2462J,"H.No. 923, Maharaj Road, Rajkot 306402",urvimaster@example.org,1942489291
George,Jha,Charles Prakash,Zinal Balakrishnan,26-12-1980,9.06328E+11,NVQPZ0605V,"H.No. 21, Samra Path, Anantapur 784519",gulatijanuja@example.org,9239157293
Shravya,Thaker,Omkaar Gala,Wazir Chopra,14-05-1934,5.78442E+11,TJIHJ1609H,"75, Sagar, Jalna 888813",dsura@example.org,5159978255
Devansh,Bajwa,Girik Sha,Mekhala Shah,19-07-1948,4.85098E+11,HXMVA1063B,"472, Nanda Chowk, Machilipatnam 533867",gborra@example.org,8993221705
Lopa,Saxena,Azaan Khalsa,Jeevika Contractor,23-07-1973,7.05819E+11,UXPVE7355N,"H.No. 404, Dara Road, Latur-078708",irajagopal@example.com,4750512839
Odika,Kala,Odika Dubey,Widisha Ravel,06-08-1941,1.98576E+11,FCIWB4172S,"45/479, Bhatnagar Zila, Asansol-826630",avnidey@example.com,653657741
Nathan,Chacko,Pushti Aggarwal,Chaaya Nadig,15-11-1951,1.96701E+11,VWOMV3153H,"H.No. 041, Ramesh Circle, Ghaziabad-619290",vinayakapur@example.net,2662180880
Lekha,Prabhu,Jacob Saxena,Yashasvi Tripathi,26-11-1944,4.29182E+11,QRLDK3458D,"H.No. 68, Kari Zila, Tadipatri 560474",nathanya@example.com,8053693079
Harinakshi,Apte,Nitesh Sehgal,Tarak Kunda,25-04-1953,5.87477E+11,CWAWY2051O,"50, Iyengar Nagar, Berhampur-087264",rohan11@example.net,4643047235
Yochana,Thaker,Yasti Kohli,Advay Bal,25-08-1984,8.92851E+11,ZOULJ7323P,"47/034, Jhaveri Zila, Meerut 7435   30",sbiswas@example.org,7743535884
Aachal,Bhardwaj,Aahana Srinivasan,Quincy Kothari,01-12-1936,3.13438E+11,WZGDK2723T,"471, Sidhu Marg, Howrah-584153",goyalmax@example.org,3316789082
Atharv,Apte,Yatan Ben,Daniel Bassi,28-08-1987,7.10653E+11,RRCZI2067J,"57/496, Dara, Raurkela Industrial Township-705518",wakeeta30@example.net,52496329
Netra,Kunda,Bahadurjit Rege,Fiyaz Tailor,17-03-1965,58152712834,ZBKQH3337C,"H.No. 14, Mall Zila, Mumbai-299240",nagrawal@example.org,8493733274
Bhavini,Parmar,Zinal Shetty,Manthan Mangat,21-02-1957,6.50375E+11,YNAQI3661Q,"80, Raj, Chittoor 841299",upadhritiratta@example.net,9283568335
Varsha,Ranganathan,Nakul Mangat,Manan Sha,29-03-1988,4.81186E+11,MSUFL9343M,"14/386, Dewan Circle, Bathinda 248606",acharyagopal@example.com,179780385
Rajata,Dave,Wridesh Bal,Rohan Balan,06-10-2002,7.60996E+11,KLJMO3061G,"H.No. 320, Upadhyay Street, Panipat 843446",ishita38@example.com,469160613
Manan,Sarkar,Maanav Bhardwaj,Priya Dugal,19-09-1989,85742545239,SDJOT8358C,"58/048, Shankar Ganj, Gaya 232262",taranadig@example.com,7295761313
Aarna,Gole,Isaiah Issac,Arjun Chaudry,28-02-1972,9.15952E+11,YXLXK6667T,"23, Nagar Street, Jalgaon 818563",lakshit57@example.com,2350750761
Owen,Singhal,Netra Johal,Yug Dewan,18-03-1977,1.62914E+11,ABKTD3366X,"77/610, Rana Road, Bilaspur 060684",darsh55@example.org,398628086
Anusha,Parsa,Mason Tella,Christopher Varughese,31-05-1965,8.99848E+11,ECKGE9561L,"20, Sama Nagar, Sikar-358048",janakidatta@example.com,754022195
Hema,Deshmukh,Aarini Yogi,Mitesh Ganguly,30-07-1990,3.97336E+11,GWBSO3523G,"H.No. 659, Sane Ganj, Bardhaman-015396",aryanmunshi@example.org,7987403929
Wriddhish,Brahmbhatt,Manya Vig,Vihaan Purohit,13-01-1980,8.1759E+11,ZMLIM0474I,"H.No. 57, Saran Ganj, Bhubaneswar 312546",anjalimane@example.net,4021761359
Pranit,Gulati,Nidra Gera,Baljiwan Jaggi,02-08-1995,8.71462E+11,ZRQIJ7573E,"281, De, Malda-807569",maanavsolanki@example.net,4723904929
Harsh,Chacko,Nidhi Sur,Geetika Vala,19-07-1950,4.7036E+11,XDTUB5095M,"90, Sawhney Ganj, Khammam-534722",pandeytanmayi@example.com,1264025658
Kashvi,Keer,Mitali Ravel,Jackson Anand,26-08-1952,1.48309E+11,WOSFT1277F,"47/248, Joshi Chowk, Kumbakonam-108082",hiteshbajwa@example.com,2845553329
Mason,Handa,Avi Dhawan,Ojas Setty,29-06-1952,9.42874E+11,ENSLU1307P,"H.No. 43, Talwar Marg, Guntakal 382348",nsuri@example.net,2643996565
Ranbir,Varty,Janani D’Alia,Hemangini Master,11-01-1980,84613053222,PNRSK9524R,"26, Sunder Street, Hapur-749552",vrishtibedi@example.org,9826537635
Praneel,Datta,Laban Chaudhuri,Nandini Datta,13-05-2004,6.23505E+11,DXSOJ0062M,"63/98, Karan Chowk, Pudukkottai-243487",dugarzinal@example.com,6658175621
Advaith,Nagarajan,Kamala Balay,Hitesh Bhardwaj,29-06-1940,4.38428E+11,NCKSV6717G,"48/60, Borra, Dhule 420901",jnagarajan@example.org,1166041573
Jairaj,Badal,Ekalinga Natarajan,Oni Pandit,20-09-1961,6.46709E+11,IEKHN8720T,"693, Deshpande, Nandyal 574953",mugdha76@example.com,900787673
Ekani,Kadakia,Krisha Mitter,Lajita Baral,03-03-1968,2.73857E+11,BSYUX7872U,"38/156, Purohit Circle, Hubli–Dharwad-763748",nmutti@example.com,8159877234
Leela,Raghavan,Maya Raja,Oliver Gulati,16-12-1939,2.00259E+11,KROLS5876L,"H.No. 94, Pant Road, Varanasi 201114",wyattpalan@example.com,4212259343
Isaiah,Bhatnagar,Yashawini Malhotra,Alexander Mody,03-12-1947,15612539647,DLPVM5662B,"H.No. 46, Bhagat Ganj, Vijayanagaram 925556",kashvi80@example.org,2121079347
Saumya,Khurana,Lucky Sha,Aarini Contractor,27-03-1936,7.25711E+11,QTVYH8354M,"67/97, Agate Path, Dewas-222581",amaira71@example.net,1425550050
Samuel,Devan,Hiral Dhar,Hemal Sachar,12-02-1948,5.93404E+11,QUOQN3805A,"11/028, Kala Chowk, Alwar 402121",ranveer95@example.com,1259202372
Fariq,Kumar,Yatan Sangha,Arin Subramanian,24-12-1980,6.81896E+11,RUPHG9235E,"H.No. 866, Gour Street, Anand-595491",patelreva@example.org,4641902013
Vyanjana,Dave,Anya Chatterjee,Dayita Choudhary,13-11-1972,2.09866E+11,YMEHA3854J,"765, Wable Path, Jaunpur 749655",idutta@example.com,6007582900
Jagvi,Ghose,Harshil Chander,Ishani Dasgupta,23-02-1964,6.96474E+11,BXMHQ5343E,"92, Nadkarni Marg, Berhampore-847694",ahujatanveer@example.net,6236754359
Pranav,Lalla,Dayamai Solanki,Sudiksha Jayaraman,05-01-1978,8834551293,NNNPT5955I,"389, Kibe Chowk, Bulandshahr-416599",petergaba@example.net,4765847353
Umang,Raval,Yashoda Chakraborty,Madhavi Nigam,01-04-1969,6.99583E+11,XJFLZ1715Z,"H.No. 26, Kalla Ganj, Bhind-618772",chanaaishani@example.com,119305533
Chasmum,Viswanathan,Saanvi Sridhar,Ishani Soman,13-01-2006,6.85859E+11,DZOOD0242H,"H.No. 34, Char Street, Nagercoil 499334",dayamaitrivedi@example.com,6802683383
Dakshesh,Vyas,Vedant Panchal,Nitara Mody,15-07-1977,6.15925E+11,ZLWMN8998V,"98, Jain Path, Shivpuri 073521",aishanimurty@example.org,6936203348
Vamakshi,Bose,Abhimanyu Bedi,Vincent Naik,22-12-1955,2.86549E+11,IBXWK7201L,"52/621, Kant Road, Nagercoil-760829",gdhawan@example.com,9198485802
Vamakshi,Subramaniam,Viraj Dada,Anjali Tank,15-08-1999,4.16277E+11,JHOTD7894L,"H.No. 604, Tandon Path, Chinsurah 826273",gaurav04@example.com,9351512113
Gayathri,Dhawan,Lohit Barad,Tanveer Chacko,18-10-1943,8.32415E+11,NOPCM6347W,"353, Morar Zila, Khora -432090",tdara@example.com,8003989588
Vincent,Gara,Kamala Reddy,Oscar Nayar,25-05-1956,2.7089E+11,RFFUP7817E,"H.No. 020, Venkatesh Path, Jodhpur-854309",nandinichoudhury@example.com,720656772
Anamika,Dugar,Dakshesh Suri,Azaan Vora,23-02-1976,5.30294E+11,XNUPA6220K,"H.No. 102, Nath Chowk, Warangal 561292",jeet77@example.com,8968542477
Fariq,Seshadri,Rehaan Buch,Ubika Kuruvilla,19-12-1972,2.05642E+11,STXJV7551D,"59/44, Chada Ganj, Nashik-303250",misraekbal@example.net,8297814771
Simon,Sidhu,Aahana Prakash,Dalbir Saha,03-06-1937,5.72075E+11,AYRJD9130H,"286, Bajaj Nagar, Bhatpara-127984",jeremiahanne@example.org,71263146
Raksha,Kashyap,Alexander Khatri,Jeet Borah,24-06-1960,5.0386E+11,YOFTW9303C,"44, Kota Ganj, Buxar-108231",xmunshi@example.net,7088591781
Chaitaly,Jani,Abhiram Nagarajan,Nirja Sahni,30-03-1965,5.87175E+11,MBJSY7001J,"H.No. 89, Shan, Ghaziabad 476867",babuinaya@example.org,7577706529
Yagnesh,Dugar,Vivaan Saini,Hemani Kale,07-05-1969,6.93742E+11,LIHNP2192T,"92/43, Chandra Nagar, Kota-654515",dchawla@example.net,9031081864
Chaman,Kibe,Sanya Rama,Charan Lala,25-05-1938,8.4043E+11,HHVPK4567N,"H.No. 606, Parikh Chowk, Jorhat-799716",krisha22@example.com,5386814542
Ekavir,Chowdhury,Caleb Mukhopadhyay,Ekalinga Buch,21-07-1965,5.95445E+11,TPKGL8384S,"88/27, Issac Chowk, Fatehpur-512888",manyakrishnamurthy@example.net,7350045782
Lopa,Borah,Theodore Pillay,Arunima Barman,24-07-1961,7.57464E+11,KFQNM7229R,"H.No. 27, Narula Marg, Jabalpur 762543",ishaan34@example.net,2410406188
Indali,Apte,Dalbir Dhar,Eta Choudhary,03-09-1978,1.81194E+11,YFSDK4108Z,"17, Basu Path, Alappuzha-674174",bhattihema@example.net,83262999
Wyatt,Narain,Jai Dada,Vasatika Khanna,21-09-1998,8.61285E+11,LFUXS7427L,"960, Ben Marg, Ongole-139226",nramakrishnan@example.net,1210114897
Pallavi,Ramaswamy,Varsha Dani,Netra Swaminathan,30-12-2004,1.15836E+11,CYXLQ9487X,"14/32, Pau Nagar, Panihati 347933",lajita34@example.com,1407756561
Inaya,Wason,Andrew Cheema,Hema Pant,22-01-1947,22892636183,SXLXH3393S,"655, Seth Circle, Rohtak-844013",libni86@example.com,9904542608
Janaki,Sankar,Jagrati Dada,Yagnesh Butala,18-12-1977,7.21942E+11,LKEDS8405X,"H.No. 84, Sharaf Circle, Surat-343874",csanghvi@example.com,931369607
Harish,Kapadia,Dominic Misra,Teerth Wable,12-10-2002,7.36867E+11,QHRIQ1774K,"28/54, Banik Circle, Satna-456167",flata@example.com,4712819006
Keya,Mand,Rachana Barad,Jagat Mistry,15-02-1952,8.44032E+11,JNFGV0512V,"17/074, Pathak Street, Tadipatri-766844",sarinmatthew@example.net,7662947967
Oni,Kibe,Lohit Khare,Eta Mander,03-09-2005,5.02544E+11,PAWZA6805F,"10/831, Wason, Guwahati-877087",pallavi02@example.org,6116621132
Avni,Mane,Turvi Sane,Aishani Chakraborty,03-10-1964,7.09142E+11,NZLNM0418K,"672, Thakur Path, Rohtak 900157",dewanhemangini@example.com,9551161660
Arunima,Banik,Janya Krishna,Praneel Ranganathan,02-11-1936,2.56422E+11,PHKDM1659A,"939, Kanda Marg, Kulti-164866",tripti33@example.com,7859431857
Harini,Wason,Jasmit Raman,Harish Mitter,15-02-1943,7.20136E+11,BXFZR4747U,"296, Chakrabarti Road, Vasai-Virar 990624",narainbalhaar@example.net,6416984982
Lucky,Pal,Saksham Devi,Girik Dalal,29-11-1935,5.72116E+11,FSMTC9867K,"213, Chahal Street, Tezpur 010883",yachanawable@example.com,3465195126
Jackson,Ramachandran,Nachiket Toor,Yauvani Ben,30-06-1939,9.15297E+11,PJMFN1961M,"87/26, Sundaram Street, Bihar Sharif-763092",bhavikakurian@example.net,8984975287
Ridhi,Din,Nandini Dey,Onveer Sunder,02-07-1954,1.42298E+11,ZMPOG9306U,"H.No. 39, Kar Ganj, Hospet-213748",divya10@example.net,975939106
Lekha,Babu,Balhaar Venkatesh,Chasmum Brahmbhatt,22-05-1965,1.96858E+11,WJRCF7928I,"507, Apte Circle, Arrah-166470",wmunshi@example.com,1116837125
Karan,Anne,Bakhshi Sarna,Gavin Prabhu,11-07-1959,7.49142E+11,VZACT8340U,"03/32, Vala Ganj, Tiruvottiyur 973398",jdhaliwal@example.org,4250294149
Vincent,Jhaveri,Sneha Merchant,Yagnesh Tella,04-05-1942,2.71169E+11,JRQFK2586G,"H.No. 34, Dugar Road, Karawal Nagar-869714",paiupasna@example.org,3901221790
Kevin,Dhingra,Edhitha Ratta,Nidra Kaul,24-03-1980,5.09103E+11,QYDHR1626O,"04/081, Dhaliwal Zila, Gangtok-827826",hsinha@example.net,3544375759
Qushi,Bal,Yatan Chaudhary,Dalaja Acharya,11-09-2006,9.35717E+11,CFNVP1103F,"75/106, Bali Road, Panipat-621376",anmolpanchal@example.org,7434304708
Fiyaz,Konda,Samuel Savant,Champak Cheema,13-11-1984,9.84774E+11,LPEXM7051I,"33/32, Deep Marg, Tirunelveli 012643",revaraval@example.org,2264559233
Chandran,Toor,Vinaya Deshmukh,Farhan Iyer,10-03-1985,3.13812E+11,XBZAD3690H,"91/626, Mody Nagar, Moradabad 993371",surirushil@example.org,1711315384
Kiaan,Chawla,Manthan Mistry,Wahab Shenoy,12-11-1964,4.89319E+11,SXQVG7027D,"72, Sant Zila, Bhimavaram 410405",gerashivani@example.com,3332234015
Yashvi,Batra,Om Dugal,Ekanta Sha,09-11-1962,1.11332E+11,IMTVW9840S,"H.No. 49, Edwin Nagar, Agra 727227",kashyapnicholas@example.org,8495967162
Jhalak,Chakrabarti,Noah Bath,Watika Babu,18-08-1954,2.9971E+11,QKIUO2857S,"02/072, Borah Nagar, Bettiah 102853",dwadhwa@example.org,1451413594
Zayan,Mahal,Priya Bhakta,Harinakshi Naidu,09-10-1942,2.60122E+11,YBMHD8731I,"H.No. 868, Toor Marg, Sirsa 847737",geetikalal@example.com,1099241185
Chaman,Luthra,Jasmit Naidu,Janya Vora,06-03-2006,4.39679E+11,VGMOO9948V,"96, Choudhury Road, Bilaspur-462752",dbhargava@example.com,9021232038
Ethan,Naidu,Ojasvi Patla,Akshay Johal,15-12-2003,2.15745E+11,PNINH4219R,"250, Swaminathan Path, Davanagere 666495",radhikamunshi@example.net,7957863374
Ojas,Bajaj,Bachittar Ravel,Dalbir Chand,19-12-1966,7.9641E+11,XEQHC9365J,"H.No. 520, Srivastava, North Dumdum 331014",lmore@example.com,3369548090
Upkaar,Luthra,Yachana Kothari,Kabir Chaudhry,10-01-1941,3.83146E+11,HBTIS3738I,"07/720, Jaggi Road, Loni 358843",chakrabortysamuel@example.net,8411812910
Gaurika,Kashyap,Jagrati Morar,Meera Sidhu,24-03-1983,60548238667,TMNER7476K,"79/10, Kurian Zila, Thoothukudi 996263",aarnasrivastava@example.com,4196258624
Hemal,Mistry,Tanish Virk,Oeshi Din,14-11-1996,8.24374E+11,MQDAT5836J,"944, Dua Zila, Eluru 794208",dkar@example.net,7386693192
Warjas,Warrior,Ishita Banerjee,Ekavir Gupta,20-01-1998,2.71708E+11,MUWNZ6813T,"79/058, Bajwa Chowk, Bijapur 489969",mistryparth@example.org,5886704090
Hitesh,Sane,Nathan Sahota,Daksh Baria,09-11-1976,1.39164E+11,OILJY0122W,"661, Devi Path, Durg 415685",qbhatia@example.org,5515757628
Krish,Narayanan,Arya Yogi,Ishani Toor,24-06-1955,6.8164E+11,LZTSV7494O,"55/57, Rai Circle, Surat-170639",luckyhora@example.net,5427341954
Oni,Datta,Rachita Dar,Jasmit Chandran,02-09-1990,6.88665E+11,UGEPC3945V,"67/110, Chandra Circle, Dewas-393309",iramanathan@example.com,8718876637
Dalaja,Deep,Aishani Narain,Falguni Basak,30-07-2002,4.56567E+11,NRINX0154R,"H.No. 94, Cherian, Tirunelveli-950039",liamzachariah@example.net,9363483152
Yuvraj,Mallick,Lopa Mall,Pavani Pall,05-01-1990,9.90837E+11,TODBO0754N,"47/76, Mistry Circle, Tiruvottiyur 920125",ekalingavarma@example.org,9991920602
Varsha,Rao,Dipta Char,Turvi Mutti,19-05-1945,6.08485E+11,VHZHU2347I,"378, Tella Path, Bijapur-231517",mandarachana@example.net,1743590858
Nathan,Wadhwa,Amruta Nadkarni,Ria Randhawa,15-05-2004,8.49852E+11,YHGNG7926O,"H.No. 22, Goel Marg, Akola 946931",bmander@example.net,9221515990
Samesh,Chad,Qabil Arya,Tarak Narain,13-09-1948,2.89893E+11,HXLIM3159F,"602, Tara Ganj, Thanjavur 872314",hemangini15@example.com,3772906884
Radha,Natarajan,Falak Wagle,Yochana Guha,04-05-1941,6.15742E+11,SGLAG0748D,"H.No. 95, Krishnamurthy Nagar, Thoothukudi 458124",barkha78@example.org,9024376448
Keya,Sabharwal,Lohit Rana,Yashoda Gokhale,04-05-1989,7.73138E+11,BOPNP9019G,"97/43, Misra Path, Farrukhabad 328708",keya31@example.org,8656461692
Jeevika,Sur,Damyanti Sabharwal,Gaurang Dhawan,05-07-1963,3.02636E+11,JWTJY6534N,"H.No. 17, Raval, Kakinada-456432",jatin82@example.net,7260900325
Ayushman,Munshi,Krishna Nadkarni,Yashvi Jain,17-03-1996,5.2125E+11,MSKDR2080Y,"14/90, Karnik Chowk, Kavali-399416",tiwarijeet@example.net,5412769840
Kashish,Som,Samarth Narayan,Lipika Lata,29-01-1954,5.4093E+11,XLDHA4103U,"H.No. 95, Nagar Road, Tirupati-064137",rajagopalronith@example.org,7719634251
Banjeet,Sankaran,Meghana Sha,Azaan Rout,27-10-1965,8.71212E+11,GATLQ5030K,"H.No. 18, Hegde Marg, Agartala-730564",wazir56@example.com,6110481591
Osha,Golla,Ekansh Goel,Ishaan Agrawal,27-11-1978,7.4373E+11,OICOD0814I,"H.No. 02, Lal Marg, Coimbatore-702609",laksh38@example.org,8445035376
Chandran,Kakar,Chaman Menon,Lila Sharma,15-10-1979,7.26202E+11,XSEHM8638N,"026, Bhagat, Rourkela 313028",falan20@example.net,5209221261
Fiyaz,Jani,Ishanvi Ahluwalia,Aradhana Ram,10-10-2003,8.10394E+11,KFICK7053C,"H.No. 84, Sharma Road, Nanded-598745",udarshthakkar@example.org,6998754036
Rudra,Mukherjee,Rachana Mahajan,Zayan Sood,03-08-1964,6.51426E+11,JJBVN2443E,"H.No. 617, Bala Ganj, Imphal 333587",jbatra@example.com,1557836041
Gunbir,Sharma,Kabir Ben,Owen Mallick,18-04-1980,3598067708,SQAQO8915S,"52/82, Acharya Street, Shimla-277699",nsem@example.org,2418400820
Mason,Master,Champak Luthra,Warinder Kuruvilla,22-08-1985,8.64651E+11,YIMVA2545D,"66, Sami Road, Gwalior 007718",nsha@example.net,7594374730
Nandini,Dhaliwal,Aarini Manda,Chavvi Chakrabarti,23-09-1945,2.51151E+11,LYEDG4925P,"H.No. 17, Mani Path, Allahabad 972688",oanne@example.org,5684929080
Veer,Tiwari,Ekantika Hora,Manan Pandey,07-11-1959,9.8892E+11,QQWYM3643D,"H.No. 892, Desai Ganj, Alwar-710243",gokhaleyachana@example.net,2459065058
Aarini,Parmar,Balhaar Morar,Vivaan Chana,21-03-1977,5.62807E+11,REVJQ8821M,"33, Varma Marg, Bulandshahr-148802",ethaker@example.org,154454581
Advika,Shah,Lavanya Anand,Baljiwan Joshi,21-12-1994,8.47462E+11,LFCTO0025P,"H.No. 12, Pillay Nagar, Bhubaneswar 040705",indaligoswami@example.org,9128773819
Yuvraj,Venkataraman,Advika Gaba,Darpan Roy,09-04-1959,2.80533E+11,PSQCN6922I,"130, Korpal Ganj, Ichalkaranji-005994",jacksonsuresh@example.net,4518500253
Anmol,Seshadri,Mitali Nagy,Bhavani Majumdar,30-01-1971,6.20915E+11,PPJVG4562O,"44/095, Varghese Road, Bijapur-791328",emurthy@example.org,9453343455
Praneel,Prasad,Pranav Bora,Janani Misra,05-09-1936,6.12102E+11,IBGPV8615T,"H.No. 674, Mann Ganj, Saharanpur 112763",yugsama@example.org,3369686380
Harsh,Bora,Keya Banerjee,Ladli Sodhi,14-06-2006,1.36838E+11,OUKCN3763B,"74, Hans Marg, Satara 572866",sacharmahika@example.net,7813103461
Ishaan,Jha,Hardik Buch,Omisha Rana,25-03-2005,4.13932E+11,JZIQL8411E,"06, Chatterjee Street, Tirunelveli 925116",bmohanty@example.com,7251280371
Zinal,Nanda,Tanish Ramachandran,Daksha Mohan,15-04-2000,1.96986E+11,LHHAT2574S,"190, Ghose Path, Pali-523217",wzacharia@example.com,3111416065
Alexander,Virk,Mitali Ramesh,Mugdha Naik,20-10-1947,9.27982E+11,NWIBF8035R,"H.No. 190, Ahuja, Motihari 294063",bmore@example.net,9310839919
Ekta,Raval,Ria Sarraf,Gunbir Bir,07-12-1951,2.37974E+11,CLAJX3099H,"01/524, Dutta Street, Amritsar 936601",vgandhi@example.org,3235216345
Dhruv,Master,Jeevika Wali,Sarthak Sampath,15-02-1978,2.72769E+11,RNCJT8878U,"08, Apte Nagar, Bareilly-286792",yuvraj73@example.com,8552256654
Advik,Dhawan,Zayan Sangha,Hemani Singh,03-08-1997,6.17779E+11,SSXXD0265V,"H.No. 003, Jain Path, Bidar-916461",qsunder@example.net,4274334654
Lila,Narayan,Triveni Golla,Anay Master,02-06-1979,5.99941E+11,FDYLE7482M,"H.No. 966, Sridhar Circle, Machilipatnam-930340",bimala25@example.org,9904044050
Zansi,Mani,Nandini Pingle,Advik Venkatesh,04-05-1994,68443517929,EGJPK0788B,"H.No. 95, Dara Marg, Uluberia 873779",orinder44@example.org,8310727899
Chavvi,Panchal,Lekha Sibal,Manya Mallick,11-07-2003,1.60408E+11,AGSVP3065L,"59, Vyas Nagar, Chinsurah 724040",ucchal90@example.net,8879314049
Isaiah,Kaur,Daksha Mangat,Anika Chana,10-12-1990,1.87717E+11,MWOKW5167G,"H.No. 953, Bawa Nagar, Meerut-408398",tkibe@example.org,5311864126
Bina,Keer,Lohit Grover,Ijaya Thakkar,20-11-1970,2.5368E+11,REGPC8339O,"79/40, Lal Circle, Aurangabad-128748",kashvibhandari@example.net,3311109129
Maanav,Dua,Kashish Kohli,Ekbal Lad,24-04-2001,3.75552E+11,IDQDW2920P,"H.No. 916, Krishnan, Orai-673513",charvi66@example.org,4463414990
Leena,Sur,Yasti Gopal,Ayaan Prashad,05-12-1954,5.8618E+11,YQCLS3394B,"05/32, Krishna Ganj, Vijayanagaram-301821",ghans@example.net,9328834164
Lekha,Buch,Gabriel Balasubramanian,Kabir Bhatia,05-10-2006,6.71322E+11,NNFSR7172Q,"H.No. 55, Kamdar, Ghaziabad-399211",odika13@example.net,8060181655
Oscar,Minhas,Alka Maharaj,Girindra Memon,26-06-1980,7.92049E+11,HZJSV9819L,"20/732, Boase Circle, Chinsurah-314162",ishitapal@example.net,1050337808
Simon,Singhal,Logan Bajaj,Henry Sankaran,08-07-1997,8.08417E+11,XASYT8961Z,"H.No. 711, Varghese, Hyderabad-347635",cgara@example.net,3542040578
Tanmayi,Mahal,Tanish Sen,Upasna Dasgupta,01-12-1971,5.14446E+11,YNNWZ5349S,"25, Doshi Path, Gudivada-068421",ayaan44@example.net,5627944307
Dayamai,Vaidya,Imaran Karan,Maanav Chaudhary,04-11-1964,9.95205E+11,NDULE4993D,"H.No. 317, Sidhu Street, Thane 924943",cdube@example.net,2493106749
Lakshit,Buch,Vihaan Gopal,Rachit Agarwal,28-01-2003,2.31689E+11,TUDQX3606H,"H.No. 98, Sheth Circle, Phagwara 783821",oeshichowdhury@example.net,7409932422
Faris,Tara,Sneha Desai,Nathan Bhargava,12-01-1970,3.99574E+11,BSHAY7515R,"H.No. 54, Chaudhuri Ganj, Amroha-619363",daraudant@example.net,1541746840
Advik,Dewan,Oliver Basak,Yatan Dani,28-08-1996,2.32028E+11,FOGCM4521N,"25, Gopal Street, Shivpuri-794874",gaurang18@example.net,2909507415
Ekantika,Mangal,Tristan Sharma,Mohammed Atwal,04-10-2004,7.18813E+11,IXTVB2978Z,"60/330, Sibal Path, Thanjavur 524761",yachana79@example.net,4758379709
Omaja,Varkey,Rajata Chopra,Aarav Ranganathan,20-12-1993,2.11603E+11,QOYUH7203Z,"H.No. 51, Kuruvilla Street, Firozabad-059904",snadkarni@example.com,6217887119
Vasatika,Palla,Caleb Pradhan,Eesha Thakkar,06-02-1946,21275186734,XLYRQ3020E,"13/67, Issac Marg, Vadodara-894454",ayushmandube@example.org,3441437232
Wridesh,Saraf,Yahvi Pau,Abeer Sheth,07-01-1991,8.18772E+11,HIRZG8051X,"H.No. 82, Parekh Ganj, Rajahmundry-682633",igola@example.org,1407807466
Divya,Wadhwa,Avni Dara,Udarsh Chandran,13-11-1958,14215683260,JJIVN0517M,"H.No. 98, Raja, Katihar-002086",samragirish@example.org,3257854574
Anita,Ramaswamy,Lakshit Golla,Simon Bali,10-11-1959,1.22182E+11,TUKLK7055T,"536, Sanghvi Ganj, Panipat 456197",kallachakradev@example.net,8200025054
Omkaar,Chaudhry,Zaid Bala,Quincy Deshmukh,17-06-1967,2.52127E+11,XXIXP6909C,"H.No. 633, Lad Street, Tirunelveli 443974",oeshi58@example.com,4859453355
Liam,Mandal,Bimala Rajagopal,Kamya Tella,13-10-1951,2.75352E+11,ZZRII2315Y,"42, Dada Ganj, Udaipur 139660",dipta91@example.com,7968020789
Turvi,Sachdeva,Tanish Mahajan,Onkar Narasimhan,16-10-1981,2.92015E+11,FDIOY1323A,"H.No. 39, Kapur Street, Ichalkaranji-255171",chadoeshi@example.org,8906664391
Zashil,Agrawal,Azad Dara,Rajata Pandit,19-02-1966,9.22212E+11,WPEVZ3400M,"677, Mitra Road, Vijayanagaram-653576",srastogi@example.com,4049549645
Mohini,Dugar,Vivaan Mittal,Kritika Grewal,28-06-1962,5.49588E+11,YZTIU1929V,"83/464, Kamdar Zila, Ahmedabad-470770",rajanchanakya@example.com,7128092804
Onkar,Dugar,Anita Dutt,Pallavi Kapadia,26-11-1936,78435194641,PEGDJ0089G,"28, Sura Nagar, Latur-563585",aarnasarin@example.com,5688991263
Yuvraj,Loke,Aryan Kala,Tanvi Vig,03-07-2005,4.3572E+11,BNTQC1996R,"H.No. 48, Bhat Street, Mango 273476",dakshabalay@example.com,9024495579
Ayushman,Saxena,Utkarsh Narula,Samaksh Munshi,15-04-1945,68188626476,MLWNU5238K,"18, Dalal, Pallavaram 308345",vedika29@example.com,7164001639
Wyatt,Toor,Tanveer Sidhu,Aadhya Varma,13-06-1952,5.46963E+11,VUPKT6264I,"25/52, Purohit Street, Sirsa 054193",gaurangdugar@example.net,9984226506
Lajita,Kari,Sarthak Parekh,Nathan Basu,24-05-1940,7.51083E+11,OILOY2824N,"H.No. 88, Muni Marg, Durg-644892",balannihal@example.net,8933604218
Rachana,Virk,Ekansh Luthra,Zehaan Pal,29-10-1975,5.90981E+11,MSGOQ2338X,"51, Andra, Katni-619505",kdora@example.net,3093026376
Lavanya,Wadhwa,Maya Shah,Vritti Sahni,06-01-1942,7.96454E+11,AGSLH9194C,"H.No. 34, Datta Zila, Bettiah-760728",pratyush72@example.net,5499411617
Nathan,Barad,Maanas Menon,Alexander Ratti,07-11-1983,3.31706E+11,FKULK3963K,"26/364, Kashyap Path, Surendranagar Dudhrej-332937",chatura71@example.com,7397055322
Harinakshi,Dua,Mekhala Chawla,Harshil Pillai,09-07-1951,9.02655E+11,RCYTC5095G,"26, Kadakia Marg, Kalyan-Dombivli-470206",ekaja87@example.org,5842449307
Alexander,Thaker,Oviya Borra,Geetika Nazareth,18-12-1942,6.50102E+11,ZZFSZ5955B,"14/046, Dewan Path, Eluru-902819",toorvasana@example.org,2112394763
Kashvi,Oza,Zaid Jhaveri,Wazir Sane,17-03-1973,8.43737E+11,WQAUI4668C,"42, Mittal Chowk, Amroha-468342",anvi94@example.net,9203882809
Chasmum,Nath,Chasmum Venkatesh,Gavin Barman,27-01-2005,6.36938E+11,QMXTM5038H,"36/64, Subramanian Street, Cuttack-714607",mitrareyansh@example.com,7988743385
Jyoti,Andra,Ayush Natarajan,Vasudha Kumar,01-02-1970,5.96817E+11,TVSVL9620X,"14/42, Mody Zila, Karnal 536341",yauvaninagarajan@example.com,2716506941
Gabriel,Gola,Yasti Sodhi,Ikshita Srinivas,26-05-2003,4.7598E+11,CAOEM9342A,"45/32, Pandya Chowk, Avadi-895177",maneanya@example.org,844595159
Veda,Natt,Mahika Babu,Lila Kohli,22-07-1992,1.84989E+11,KMLKI4417R,"19/85, Manda Chowk, Motihari-423237",srinivasnaksh@example.org,4055787778
Nihal,Sharma,Warinder Raval,Eesha Samra,07-03-1996,9.23495E+11,DZPYT9735T,"30/263, Goda Nagar, Delhi-117357",dashomisha@example.com,5132308902
Omya,Loke,Odika Chana,Saanvi Savant,03-02-1996,9.55784E+11,CXLCD6776Y,"27, Bhandari Zila, Amaravati 927490",bbhasin@example.net,4063155546
Charles,Venkataraman,Aahana Bhatia,Anvi Wagle,11-11-1988,3.21611E+11,IIHYP9796F,"89, Date Circle, Mau 133305",urvivaidya@example.org,6756373053
Amruta,Thakur,Jai Srivastava,Yoshita Prabhu,03-03-1993,9.35908E+11,VNSEJ1005N,"40, Bora Nagar, Mysore-599890",jacobnair@example.com,8495874024
Eta,Natarajan,William Seth,Aarna D’Alia,09-07-1993,9.03109E+11,DZQOE2155S,"H.No. 900, Mohanty Road, Suryapet-726667",jananibora@example.com,4252524278
Chandresh,Sibal,Waida Natt,Jatin Vora,05-09-1947,8.61384E+11,KKCRU9532D,"24/262, Soni Circle, Gopalpur 523503",mitali12@example.net,5614617603
Mitesh,Swaminathan,Pranit Rau,Omaja Vig,26-02-1970,19184266517,FRVUC6552Q,"39/41, Shankar Path, Panipat-182699",ijaya70@example.net,2865355584
Urvi,Mammen,Ekanta Gour,Tristan Pradhan,16-01-1997,8.54876E+11,TJKOV8997G,"H.No. 971, Pandya Road, Kavali 485049",nsodhi@example.net,6929955768
Darika,Randhawa,Amrita Mital,Andrew Pandit,02-07-1938,7.14491E+11,ZCOHM9946J,"87, Sankar Street, Kirari Suleman Nagar 259560",warjasverma@example.com,5650662705
Amruta,Loke,Advik Mallick,Netra Ram,30-05-1966,1.47179E+11,RSQLV0268E,"421, Bhatia Path, Ambarnath 801598",jatin20@example.net,9308537860
Champak,Char,Vansha Sengupta,Amara Thakkar,05-09-1938,9.71972E+11,KXCZI6344G,"67, Mutti Chowk, Saharanpur-397913",odika46@example.com,4789261871
Wridesh,Chahal,Pranav Chopra,Oliver Gole,14-12-1958,2.27345E+11,DUPPL2921P,"H.No. 36, Malhotra Chowk, Kishanganj 375306",atwalanjali@example.org,9207099472
Isaac,Bahl,Yug Sama,Wyatt Chakrabarti,26-12-1982,3.92862E+11,TAGIR7802J,"10/857, Rao Circle, Avadi 647550",omisha31@example.net,2542015555
Hemani,Gara,Maya Chaudhary,Anamika Bhalla,08-07-1979,1.21899E+11,MYMVL3707W,"72, Dutta Path, Rajkot 659347",yohannanmadhav@example.com,3350683263
Azad,Seth,Yatin Shere,Fitan Mital,26-06-1994,3.89921E+11,FSVRD7696T,"H.No. 72, Trivedi Chowk, Berhampur-999191",xshan@example.net,4995638583
Netra,Khurana,Nihal Mutti,Warhi Kumer,05-09-1996,4.66487E+11,BCZVO7894R,"12/02, Ganesh Nagar, Tadepalligudem-588251",wazirsankaran@example.com,9817734428
Krishna,Patla,Gopal Edwin,Meghana Pant,10-10-1934,3.6994E+11,IDBYD1224X,"H.No. 008, Vasa Street, Muzaffarpur 133473",siya04@example.org,3392109792
Chandran,Wagle,Darsh Rout,Harini Sengupta,15-12-2006,6.65753E+11,DAZBT3923U,"27/80, Rana Path, Giridih-924484",groverliam@example.net,7141708849
Ekanta,Sastry,Lohit Lall,Vasana Wason,04-09-2001,7.06255E+11,GPPNE0049P,"78, Bail, Jamalpur-112245",yaminiramesh@example.net,6016093858
Aarav,Uppal,Hema Yohannan,Rehaan Kata,11-04-2005,8.68977E+11,AESAF6577B,"41, Chaudhary Ganj, Bhatpara-722426",kritika00@example.net,3945778040
Nathan,Oommen,Upadhriti Pathak,Vedhika Garg,05-01-1977,2.06228E+11,FRHCE0993N,"H.No. 21, Kaur Path, Hyderabad-258266",tiyer@example.org,4294686575
Sathvik,Sidhu,Ethan Balasubramanian,Tanveer Sachdev,26-03-1974,6.83294E+11,WKCFK4515J,"464, Sankaran Street, Thrissur 027910",dalbir06@example.org,3472824612
Christopher,Sarkar,Samaksh Nagarajan,Akshay Oommen,04-07-1971,9.58109E+11,XMVKK3273O,"H.No. 15, Bumb Marg, Agra-839342",ebhatnagar@example.org,6821843469
William,Kara,Rajata Bal,Luke Subramaniam,02-04-1951,6.90357E+11,FSFKH5039Q,"H.No. 69, Dutta Chowk, Salem 167604",sameshgera@example.com,121231528
Kashvi,Patel,Meera Tank,Urmi Zacharia,18-09-1938,1.623E+11,ETAPU2244F,"833, Karan Ganj, Dhule 245845",hchaudhuri@example.org,2845349042
Libni,Chana,Viraj Deep,Umang Rastogi,14-07-1987,4.03082E+11,YKWOW7199X,"H.No. 40, Kala Nagar, Jalgaon 833022",ronith64@example.net,4317005029
Guneet,Majumdar,Upadhriti Dixit,Yug Kar,10-05-1976,7.40937E+11,BPIJM9326Y,"H.No. 74, Borah Ganj, Narasaraopet-290353",periekaja@example.com,7954925820
Ikbal,Dara,Samuel Wali,Krishna Banerjee,25-08-1979,7.40926E+11,LRXWF8221W,"610, Basu, Durg 565967",shravya79@example.com,2791607110
Vedika,Taneja,Eiravati Kamdar,Anika Loyal,18-04-2007,3.6511E+11,YSODI9021W,"42/38, Prabhakar Marg, Panchkula-723122",vinaya57@example.org,9328819470
Daniel,Bandi,Chatresh Banik,Agastya Pradhan,26-05-1934,8.43843E+11,DIVFK6434I,"H.No. 91, Goyal Zila, Bharatpur 836584",shivanikalita@example.com,1913556661
Upasna,Jain,Dalaja Mitter,Farhan Mutti,02-10-1952,6.38978E+11,EDGSA0542L,"H.No. 993, Tara Chowk, Ahmedabad-677109",rzachariah@example.net,8284309579
Lakshit,Saran,Wahab Kuruvilla,Kabir Chadha,23-04-1935,1.91376E+11,EDBMS2251M,"64/182, Gandhi Marg, Bongaigaon 635959",iryagrewal@example.com,3776867060
Logan,Keer,Lavanya Devi,Urvashi Reddy,15-08-1962,1.87927E+11,VXKSH3473R,"319, Keer Zila, Begusarai-051546",mdada@example.net,6508359096
Saksham,Hans,Gunbir Chada,Anvi Karan,20-06-1943,3.87638E+11,VSHDV0743R,"87/06, Sunder Nagar, Dibrugarh-438735",rpillai@example.org,4296551772
Kamala,De,Chaitaly Tiwari,Dalbir Sridhar,28-11-1972,5.74757E+11,JJPAM0115T,"216, Kamdar Road, Kochi-658583",wablemaya@example.com,4714359457
Rohan,Singhal,Advaith Lall,Rachita Purohit,10-11-1949,3.73928E+11,TZPCZ8437L,"87/22, Lala Nagar, Mangalore 705767",dakshesh15@example.com,482591921
Yatan,Master,Aayush Buch,Vrinda Kanda,31-07-1942,6.85095E+11,DOHJX1554N,"24/059, Sama Circle, Malda-291245",chandaniroy@example.com,7039887988
Sarthak,Varghese,Kamya Bassi,Ishanvi Sunder,21-03-1998,5.712E+11,PFZLF6172Y,"858, Saxena Ganj, Muzaffarnagar-411918",balawazir@example.org,4233661639
Kavya,Rege,Ayaan Dhaliwal,Abeer Babu,11-12-2000,1.19214E+11,YVNZH4756F,"75/214, Biswas Circle, Asansol-612662",manya16@example.org,7993893648
Rachit,Tripathi,Ayushman Pradhan,Tanvi Loyal,04-07-1942,2.77859E+11,IAKDX7640H,"H.No. 66, Shah Street, Durg 529530",badamitimothy@example.com,6568169674
Yadavi,Bora,Oni Thakkar,Anya Cherian,28-07-1939,36096830537,AQMBQ6962C,"437, Narayan Chowk, Kakinada-315564",borabachittar@example.net,4065329365
Yachana,Sawhney,Wakeeta Goda,Urvashi Srinivas,27-11-1998,7.0083E+11,ZXGDU1418M,"H.No. 877, Bumb Road, Faridabad 788020",eta94@example.com,6554270713
Nandini,Panchal,Yochana Peri,Kavya Gill,26-09-1996,6.80021E+11,EZIIL9859L,"H.No. 49, Chauhan, Kolhapur 045527",bhavyanaik@example.com,3984755556
Zehaan,Sathe,Ranbir Toor,Alka Shankar,19-08-1959,3.74938E+11,QEPRC6727V,"H.No. 602, Joshi Road, Anand 544726",pillaiqabil@example.com,9960734339
Rehaan,Anne,Harish Master,Anay Saraf,27-08-1976,6.67629E+11,XYUKP5196J,"304, Buch Circle, Sultan Pur Majra-963459",kondaronith@example.org,8179186517
Inaya,Jha,Jagrati Mannan,Arjun Wadhwa,13-05-1937,3.66524E+11,YDFKF9617R,"02/680, Narasimhan Marg, Jaunpur 269052",lsathe@example.net,8645252397
Teerth,Peri,Utkarsh Keer,Arin Kalla,26-04-1951,14432044641,LQTFW0462Q,"H.No. 24, Basak Street, Guntur-722992",vidhi29@example.org,8697517919
Hemangini,Tailor,Tristan Chopra,Krishna Varghese,17-07-1975,70447829436,PVFZG4731G,"H.No. 63, Handa Marg, Bhusawal-604787",zzacharia@example.org,2331489968
Darsh,Rege,Gaurang Koshy,Ekaja Choudhry,05-04-1986,8.53632E+11,ZUWRV9691V,"79, Pandey Road, Jorhat 705786",kritika91@example.org,8939608540
Sarthak,Morar,Jatin Jaggi,Urvi Kota,23-04-1993,8.35094E+11,FBQRX1799S,"23, Dhingra Road, Raebareli-175641",shivanisarna@example.net,8176001372
Urvi,Narayan,Ekalinga Pal,Jatin Saha,18-03-1955,1.74159E+11,AEFPO3074U,"378, Solanki Nagar, Dibrugarh-438104",ranbirpau@example.com,5564461190
Bhavya,Patla,Harish Suri,Udyati Mani,18-05-1964,6.82451E+11,BPWZF0305T,"H.No. 035, Gola Marg, Bhiwandi-221241",baradyashawini@example.org,7820535240
Dhruv,Bhargava,Charvi Varghese,Isha Palla,11-12-2001,4098083575,MVVYS5234I,"H.No. 90, Bhattacharyya Road, Tadipatri-735465",chaudhuriwaida@example.org,2009321269
Yasti,Hayre,Jasmit Kade,Yug Borde,12-08-1937,5.83315E+11,OWJQS5443U,"634, Mannan, Bhiwani-224316",bhasingaurav@example.com,2681953326
Owen,Tandon,Abeer Srinivasan,Omya Chowdhury,18-08-1975,8.33817E+11,QUBGG1111P,"61/964, Konda Marg, Srikakulam-785160",indirabanik@example.net,9642012977
Theodore,Kibe,Inaya Majumdar,Turvi Tank,06-07-1989,2.31574E+11,GCCZL1333C,"H.No. 179, Agate Road, Jabalpur-211782",draghavan@example.org,9844845210
Urmi,Rama,Maanav Chaudry,Tanmayi Lad,15-12-1977,2.19666E+11,ULLAH8553W,"H.No. 34, Ram Zila, Kottayam 461986",ati25@example.net,9647263950
Zayyan,Bassi,Harsh Kapur,Kamya Mutti,30-06-1987,8.39619E+11,EUHLK5042S,"H.No. 84, Choudhury Marg, Guntur 828456",pacharya@example.org,840507897
Pushti,Deo,Nidra Kar,Rachit Srinivas,30-10-1956,8.77183E+11,JKAHC3373W,"145, Sule Marg, Bhimavaram-107143",bachittarsoni@example.org,4125107978
Faras,Mishra,Charita Dugar,Bhanumati Sidhu,10-08-1987,95374788862,JHLPT8263N,"H.No. 73, Narula Street, Phusro 588291",falankuruvilla@example.com,9961382382
Baghyawati,Dixit,Oeshi Kulkarni,Manya Mall,15-06-1954,8.22807E+11,NKVRL4690W,"59, Srinivas, Hajipur-503689",salvilavanya@example.org,6573441618
Ekanta,Ramachandran,Karan Lanka,Vedant Swaminathan,21-07-1989,95859572040,FSETW4951F,"69, Kadakia Road, Shimla 239263",neel08@example.org,5652321573
Jeremiah,Kant,Qabil Halder,Michael Nadkarni,19-05-1953,2.85312E+11,BEDMF8791W,"18, Basak Nagar, Orai-583418",omkaar33@example.com,1979131434
Waida,Gole,Ira Narasimhan,Pahal Mangal,19-06-1939,4.3569E+11,XEMSJ1778E,"54/91, Kuruvilla Marg, Kulti-530489",sratti@example.net,3595614788
Farhan,Bahl,Odika Chander,Reyansh Chakraborty,01-05-1967,1.14975E+11,IKLWO8567N,"518, Shenoy Nagar, Warangal 159596",idika45@example.org,1621062633
Sai,Shere,Eesha Mody,Ekavir Borra,19-02-1993,1.26139E+11,LFJVC4655R,"350, Varghese Road, Dehradun 700150",snehasheth@example.net,7710453035
Anmol,Puri,Oviya Singh,Simon Puri,23-09-1934,8.785E+11,AFAHK2864O,"47/47, Contractor Zila, Kottayam-892746",mmistry@example.com,3423824228
Bakhshi,Bhalla,Saksham Dhar,Yashica Narayanan,05-06-2002,9.65714E+11,VBMBU6891P,"11/70, Sabharwal, Ludhiana-917633",nicholasiyengar@example.net,1396987927
Inaya,Sampath,Hardik Om,Mekhala Mahajan,20-06-1994,3.53075E+11,MUXOM3799B,"36/64, Jaggi Nagar, Kumbakonam 152832",pushtikibe@example.org,9215037017
Utkarsh,Gupta,Varsha Kant,Peter Purohit,09-07-2004,8.69969E+11,BJEQD9337A,"091, Mander Road, Ramgarh 104478",shivanshsathe@example.net,5848486267
Wishi,Mane,Yash Issac,Hemang Sarraf,07-02-1993,9.19347E+11,SNNTM7312C,"52/99, Nadig Nagar, Kollam 469222",dalaloeshi@example.org,4201334602
Zayyan,Jain,Vivaan Badami,Warjas Gopal,17-05-1989,5.68856E+11,PRAWJ6131Q,"177, Dora Ganj, Guntur 300701",balasubramanianpallavi@example.com,8736726962
Kamya,Chahal,Hritik Singhal,Triya Chad,05-03-1986,5.06316E+11,VJEQO3587P,"H.No. 843, Chawla Marg, Gangtok 042247",derachana@example.net,4630473513
Ganga,Sarkar,Saksham Kurian,Lakshmi Mital,28-05-2002,1.91927E+11,OINXJ5431R,"767, Pall Path, Mahbubnagar 391163",nagarajanqadim@example.net,5376878763
Ria,Dani,Raagini Ray,Omisha Gulati,21-02-1985,5.68226E+11,YRFHB6647D,"29, Srinivas Ganj, Dhule-994800",tsidhu@example.org,8989959604
Yahvi,Ramesh,Mason Kota,Pushti Badal,14-06-1982,65489855091,CTAPH7048U,"572, Kaur Marg, Guntur-193035",nitesh73@example.com,9798316971
Sanaya,Wali,Lucky Goda,Kamya Divan,27-09-2005,3.47896E+11,LPGSV5433O,"99/234, Wadhwa Nagar, Nagaon 643782",om45@example.com,459507770
Praneel,Pant,Anirudh Nair,Yamini Grewal,08-09-1992,3.84363E+11,PRCRT6335I,"37/356, Palan Street, Howrah 606311",zayan02@example.net,3456015126
Urvashi,Joshi,Yutika Gandhi,Vihaan Choudhary,26-01-1991,3.84897E+11,FCRSS0816R,"523, Pai Road, Ajmer 139548",darnoah@example.org,877920379
Aishani,Dugar,Advay Taneja,Hemal Murty,25-02-1992,3.64369E+11,KHDNF3248N,"H.No. 891, Singh Ganj, Tirupati 605216",utkarsh81@example.org,824220592
Baghyawati,Sood,Girish Randhawa,Adya Bera,08-07-1937,9.83635E+11,FZXHX8567C,"H.No. 023, Pall Ganj, Haldia 062617",chaitanya28@example.com,7198144013
Ayushman,Memon,Ekbal Patil,Rachit Prabhakar,05-09-1993,5.74593E+11,ZNIUB0515F,"H.No. 63, Bassi Nagar, Bareilly 489473",oraj@example.com,9006362636
Tara,Comar,Ijaya Borde,Yug Panchal,22-12-1948,3.21805E+11,KIYPZ8497A,"179, Sant Marg, Nagercoil 741100",lajita61@example.net,4668996769
Yochana,Gopal,Mitesh Pai,Fitan Natt,02-04-1997,901763996,CCETJ5605L,"40/32, Bedi Circle, Solapur 781341",chakrabortyneelima@example.org,742588020
Priya,Swaminathan,Avni Patel,Abhiram Maharaj,01-10-1963,3.47521E+11,HCBJF5594A,"06/023, Dar, Hospet-529872",rkhalsa@example.net,6412612724
Joshua,Bumb,Nicholas Kade,Harita Varkey,26-09-1959,7.61647E+11,TAVBR1410W,"979, Venkatesh Marg, Visakhapatnam-279381",nachiket23@example.net,6106871102
Onveer,Gandhi,Abha Badami,Rohan Seshadri,14-02-1981,2.64874E+11,ZUNWG3088M,"H.No. 93, Bobal Street, Kochi-082788",bhavya30@example.org,2933837657
Radhika,Nagi,Eshana Mitter,Balvan Kaul,06-09-1946,4.07862E+11,MYFUU2541W,"H.No. 479, Sekhon Chowk, Moradabad-067718",dubemichael@example.org,9012591125
Oscar,Sule,Timothy Acharya,Vrishti Ratta,01-11-1944,5.44885E+11,AGCBW4050K,"20, Memon Street, Rajahmundry 125363",gabayashoda@example.org,4441106782
Vedika,Chaudhuri,Frado Bajaj,Saksham Bedi,08-02-1983,3.69867E+11,WQTSP7207N,"H.No. 213, Dhar Marg, Karaikudi-013417",fmagar@example.net,9650450240
Hitesh,Walla,Gaurav Bala,Tejas Kulkarni,02-03-1969,2.77543E+11,LWAGA3113X,"67/862, Sharma Road, Bettiah 445033",qpatla@example.net,2104484101
Varsha,Tella,Balendra Borah,Anirudh Sunder,01-01-2000,5.85803E+11,OWXNN6833I,"59/49, Dewan Street, Jamnagar-559766",shukladavid@example.org,3105065378
Hemangini,Wable,Wridesh Dara,Atharv Kalla,05-06-1999,1.34749E+11,BOABK3077W,"57/20, Divan Zila, Bhubaneswar 099609",jayaramanniharika@example.org,9895007154
Rudra,Zachariah,Ira Dara,Chakradev Reddy,06-07-1981,8.71285E+11,IPCNB1324T,"04, Golla Zila, Bhind 563354",bordenoah@example.com,8592978677
Aadhya,Doshi,Hemani Bhagat,Radha Bahl,08-07-1955,8.1099E+11,YWPQC3667A,"021, Kapur Road, Jalna-950353",triya11@example.com,1372180588
Arin,Dhar,Jagdish Sani,Aishani Bhandari,07-02-1981,7.88192E+11,TCSXS1543L,"37/118, Morar Road, Bhiwandi-766478",ogole@example.com,7834999955
Naksh,Gour,Daniel Ramesh,Vedant Sha,18-07-1986,3.33316E+11,CJSEA8599F,"583, Kala, Kollam 675887",caleb98@example.com,2537958717
Logan,Sankar,Vasana Nagi,Baghyawati Contractor,11-02-1951,8.13157E+11,NDKHS8752F,"86/25, Mangal Marg, Imphal-165608",keyachar@example.com,3209791608
Jason,Tandon,Chandani Bali,Nirja Trivedi,12-12-1949,5.74672E+11,LWKRX6243L,"H.No. 078, Hora Ganj, Rourkela-585486",hbhat@example.org,9108753150
Rushil,Bhatti,Hamsini Bandi,Amruta Patil,21-07-1953,8.22557E+11,QRUSV4779Y,"H.No. 814, Joshi Zila, Sirsa 484375",ravileela@example.net,1030572916
Hemang,Chokshi,Wishi Koshy,Gayathri Iyengar,18-03-1952,6.85929E+11,PHACM0009X,"71, Dash Ganj, Ambala 836590",xbalasubramanian@example.org,6454688500
Ikshita,Banik,Mitesh Singhal,Hredhaan Nagarajan,11-09-1974,5.04444E+11,BHGTG3327Q,"886, Pau Zila, Singrauli-606157",sastryzinal@example.net,7625800224
Aadi,Sur,Odika Dua,Yutika Kalla,22-02-1944,6.90023E+11,KITZE0030R,"69/67, Singhal Path, Katni-487320",yashodasuri@example.net,9483534737
Onveer,Bhattacharyya,Shravya Sane,Oni Mutti,31-10-2001,4.62097E+11,DPGET4647B,"41/898, Naik Road, Belgaum 625571",dde@example.net,40565431
Dayamai,Mital,Keya Kunda,Pavani Parsa,17-02-1960,8.61863E+11,IPGRJ2750A,"H.No. 062, Ratta Street, Arrah-484486",quincykala@example.net,5240475896
William,Sharaf,Unnati Jani,Agastya Sagar,23-04-1946,3.36234E+11,TKEOW8375K,"22/016, Natarajan Marg, Moradabad-894008",chanakaran@example.com,4146534531
Aadhya,Sachar,Agastya Rattan,Charvi Seshadri,22-09-1963,4.17319E+11,AECSV9016C,"H.No. 806, Mukherjee Ganj, Asansol-289701",handaojasvi@example.org,6820550244
Yagnesh,Virk,Pahal Ghosh,Yatan Raghavan,23-05-1955,2.9553E+11,XBACY1275G,"H.No. 00, Date Chowk, Sangli-Miraj & Kupwad-216994",xbarman@example.com,7189227865
Simon,Chawla,Charita Butala,Varsha Amble,30-05-1958,1.10091E+11,BJZCU8100I,"H.No. 866, Balay Nagar, Ambala-127130",loyalchatura@example.com,2168529314
Madhav,Balay,Krishna Khare,Arin Gaba,22-08-1952,8.86111E+11,NCETP2029X,"H.No. 34, Anne Road, Bokaro-836686",saniparth@example.org,1559450466
Isaac,Chokshi,Chatura Gala,Teerth Prabhu,04-11-1978,2.54787E+11,WWJMO4106D,"H.No. 29, Mani Street, Jamnagar-529562",lakshmidate@example.com,5269481544
Damyanti,Char,Xiti Handa,Lucky Savant,06-04-1974,8.79166E+11,VCLZJ4335E,"83, Nagar, Dewas 818589",ydash@example.org,5316082452
Unni,Sandal,Rachit Chaudhari,Harrison Dayal,23-06-1973,7.34824E+11,CWZTI8208S,"784, Das Chowk, Ramagundam 729536",graval@example.org,6299195084
Benjamin,Palla,Rajeshri Pandey,Kala Wali,19-05-1937,2.79305E+11,IDLAX7488M,"H.No. 901, Nadkarni Nagar, Hubli–Dharwad-282558",agastya64@example.org,1071968052
Henry,D’Alia,Bhavya Sane,Balhaar Om,29-05-1952,2.30802E+11,ZJEOH2139V,"15, Bath Chowk, Kurnool 992702",madanvrishti@example.org,8216741692
Ojasvi,Buch,Baghyawati Pandit,Darpan Khanna,08-09-1977,7.41742E+11,DTDXI7507W,"32/69, Sarin Marg, Rajkot-941922",abdulcontractor@example.net,7934187156
Eshana,Tata,Xalak Peri,Gabriel Chahal,22-06-1960,1.68579E+11,XMCOM6564L,"H.No. 21, Krishnamurthy Nagar, Kurnool-386060",sidhuhemani@example.net,6782433828
Yahvi,Sankar,Idika Karpe,Devansh Sawhney,29-12-1981,8.19029E+11,IEBRY6914D,"18, Raman Marg, Thoothukudi 309755",zsoni@example.org,4140240704
Anita,Shere,Om Pandya,Harsh Dara,27-05-1974,8.35304E+11,GQABT2991U,"55/96, Toor Street, Machilipatnam 264216",sanyagoel@example.com,5843226854
Nathaniel,Thaker,Ekansh Nagi,Osha Lanka,02-02-1962,1.31399E+11,VYCGC3320A,"132, Murty Road, Rajkot 137738",trana@example.net,663139802
Kamya,Goel,Mugdha Gala,Aarnav Kapadia,27-09-1975,3.06696E+11,BMYDA2436L,"H.No. 22, Mammen Zila, Anand-365550",ssolanki@example.net,8196858730
Vidhi,Borde,Akshay Ranganathan,Suhani Shah,02-01-1941,5.23829E+11,ZDNNZ9570O,"555, Srinivasan Road, Tumkur-357394",mdubey@example.com,9956745927
Max,Walla,Balendra Suri,Advay Contractor,21-04-1966,7.86908E+11,PSYOI4752C,"60, Mand Path, Ratlam 496517",lakshmahajan@example.net,1469642371
Oeshi,Banik,Peter Buch,Nisha Sibal,22-05-1983,8.6397E+11,FSCOH1514H,"89/53, Behl Marg, Hosur-536076",behlamruta@example.org,4422249043
Ansh,Dixit,Alka Gole,Yashoda Kohli,09-07-1972,67294545431,TBADC6452U,"39, Iyer Chowk, Dehri 632912",fgarde@example.org,3387570931
Bakhshi,Khanna,Ojas Vig,Unni Sarin,30-01-1984,8.56749E+11,KRAOD5148A,"H.No. 005, Ghosh Marg, Coimbatore-720811",nakul46@example.net,7762338116
Ishani,Savant,Wriddhish Patla,Urvashi Varughese,09-12-1977,7.52396E+11,XVQOT0127F,"H.No. 38, Rajagopal, Parbhani 500037",igala@example.org,1729415547
Daksha,Gole,Dev Bobal,Ryan Kuruvilla,27-07-1962,6.51762E+11,ATSWD3248Q,"562, Thakur Zila, Bangalore 866802",hbawa@example.net,1168485215
Falak,Lad,Amruta Solanki,Raagini Kala,27-09-1962,2.31799E+11,XEYDO8988Q,"H.No. 944, Gokhale, Farrukhabad-491578",ekanta50@example.org,9828956383
Divya,Sankaran,Hemangini Bava,Utkarsh Chhabra,22-11-1960,8.67472E+11,PKTEJ6129W,"H.No. 39, Sekhon Zila, Patna 358831",daveshivani@example.com,35537799
Vincent,Saxena,Hemani Bhargava,Ishwar Sami,24-08-1949,1.45609E+11,IRQNV8931A,"186, Chaudry Marg, Bhimavaram-571694",damini32@example.org,1919984714
Lekha,Radhakrishnan,Yug Dora,Baghyawati Goswami,29-03-1969,7.44037E+11,YXASN3353O,"39, Prashad Path, Chittoor-206489",mgolla@example.com,2833742595
Lohit,Ganesan,Krishna Shetty,Anthony Borra,11-05-1991,1.75909E+11,UQNOF4788P,"H.No. 17, Sami Ganj, Mathura-125488",zansi01@example.com,6077422947
Eshana,Halder,Shravya Bhatnagar,Raksha Bala,12-11-1995,7.09667E+11,KZNFL9476L,"06/58, Venkatesh Ganj, Coimbatore-711605",samaksh85@example.com,6774976028
Yatan,Varma,Harini Pandey,Manya Gola,20-08-1998,6.1745E+11,WSEXL2438W,"39/64, Konda Path, Solapur 244693",dhaliwalzaitra@example.org,7145469171
Keya,Bhatnagar,Vasudha Behl,Avni Dhar,10-10-1959,4.43893E+11,APTCA2110A,"H.No. 52, Bhattacharyya Nagar, Hindupur-860977",shanethan@example.org,847093434
Radha,Din,Yochana Ahuja,Zayan Kaur,18-07-1994,1.25747E+11,TZQQQ8035W,"94/288, Chana Marg, Giridih 452197",bahriaarna@example.com,7930222533
Owen,Dora,Yashasvi Banerjee,Yashawini Kumar,01-10-1950,8.0127E+11,COKXI8986X,"019, Mane Nagar, Naihati 389898",ati39@example.com,2156157805
Jacob,Golla,Watika Dube,Isaac Parsa,17-03-1984,3.09708E+11,TUQVW2639J,"13/36, Kade Circle, Sangli-Miraj & Kupwad 010773",ikala@example.net,5293914554
Hritik,Mallick,Yauvani D’Alia,Harsh Narayan,03-06-2003,2.73396E+11,FERTR8515E,"H.No. 73, Kaur Chowk, Ambattur-352819",gauri86@example.com,6433502467
Meera,Lalla,Darika Puri,Pooja Reddy,07-06-1939,8.18085E+11,ZYEMY3429D,"850, Sami Ganj, Bellary-141375",eiravatijhaveri@example.com,1243342104
Fiyaz,Sahni,Oni Venkataraman,Orinder Sunder,01-07-1951,3.41891E+11,YTUSU5458X,"385, Arya Ganj, Ichalkaranji-642862",diyasarraf@example.net,2459600352
Ekiya,Saraf,Rachana Modi,Vasatika Kothari,13-08-1977,8.21734E+11,IMWRY0538P,"61/658, Kashyap, Kochi-789740",gaurigade@example.org,9780991498
Vritti,Johal,Bhavini Khare,Rachita Choudhary,11-07-1996,5.35928E+11,BULCG5000F,"H.No. 676, Balasubramanian Marg, Tenali 595028",hsami@example.com,1089239291
Xiti,Dora,Zinal Rajagopalan,Charan Chauhan,09-04-1950,9.48466E+11,WWJRU7184T,"H.No. 74, Kalita Circle, Bellary 018397",khoslawahab@example.com,4100745253
Riya,Chand,Aadi Kamdar,Gunbir Nanda,14-08-2001,3.35628E+11,BKSYC7583U,"09, Khurana Ganj, Hajipur 694374",kashvigala@example.org,606345908
Jasmit,Chakrabarti,Faris Batra,Abdul Borde,10-08-2004,1.83465E+11,CHKZI5114B,"41, Din Ganj, Barasat 683343",triya48@example.com,222803851
Teerth,Narain,Forum Setty,Oni Raj,18-01-1971,8.7524E+11,VPZNU2025R,"94/26, Lad Ganj, Malegaon 845857",kapoorsanaya@example.net,3674354208
Udant,Vora,Ucchal Oommen,Caleb Seth,26-10-1960,3.83458E+11,IJIVR0771P,"H.No. 92, Viswanathan Ganj, Arrah-339863",ekanipall@example.com,8070438552
Ansh,Raval,Ikshita Parikh,Samarth Nath,26-11-1977,2.93783E+11,IWMZD7359A,"H.No. 175, Swamy Street, Bijapur-998357",noommen@example.com,5105122522
Balhaar,Devi,Faqid Barman,Raksha Kalita,30-09-1980,7.113E+11,VWNZC0376F,"89, Ravel Street, Muzaffarpur-962917",manthan63@example.com,6574574375
Nimrat,Kalla,Bina Kunda,Hemangini Issac,03-11-1954,2.47433E+11,IOPHI2605O,"15/04, Krishnamurthy Ganj, Khora -428819",fgupta@example.com,5054584305
Jagdish,Kale,Amrita Rajagopal,Bhavani Bhakta,22-03-1937,3.13404E+11,NFVQZ5670Z,"590, Murty Path, Thiruvananthapuram-822637",vasayashica@example.org,2323715465
Priya,Hayer,Tanveer Kapadia,Zaitra Naik,14-02-2000,2.95838E+11,SCHFL3238V,"68/652, Kamdar Circle, Rohtak-573467",oakradha@example.net,115764401
Lipika,Chahal,Benjamin Pingle,Yadavi Kaul,09-12-1973,9.88994E+11,OKNRK4218A,"97, Narang Nagar, Orai 522278",pnagar@example.net,7989935546
Amol,Shenoy,Gautami Bali,Shivani Sibal,08-11-1941,2.26768E+11,ESOIS5217M,"H.No. 65, Iyer Ganj, Suryapet-041981",doctormahika@example.org,8150614426
Jatin,Lanka,Girindra Sundaram,Dayamai Kurian,10-12-1988,4.21205E+11,KOCVP5945B,"31/34, Arya Chowk, Bhubaneswar-526703",khatrirachit@example.net,7277506351
Rajata,Kakar,Vivaan Ramaswamy,Vrishti Shanker,07-07-1967,29267333910,UANSZ4002N,"57/250, Barad Ganj, Mehsana 004861",jalsa33@example.com,4791055052
Divya,Jha,Zansi Nayar,Hardik Butala,29-02-1984,5.0553E+11,ORMAY8249C,"86/792, Sankaran Nagar, Nellore 503526",ljayaraman@example.com,8451381531
Ladli,Prakash,Farhan Rai,Chandran Barman,01-02-1946,3.4889E+11,HLDEG4734M,"592, Bora Path, Loni 549747",fsubramanian@example.com,41526982
Zayan,Dhar,Kabir Khurana,Yatan Krishna,03-04-1973,3.05591E+11,AEQCI6082P,"H.No. 810, Srivastava Circle, Ambattur 412640",chandran26@example.org,9328171800
Samaksh,Ben,Vrinda Lala,Dakshesh Sodhi,23-07-1982,3.25287E+11,UDRRX5318M,"847, Desai Path, Coimbatore-094393",tsachdeva@example.com,7559195654
Ria,Borah,Ekavir Rai,Zarna Brar,20-07-1937,2.5848E+11,GCWGT2094Y,"H.No. 246, Banik Street, Nellore-832336",osamra@example.com,9506460780
Aarav,Kala,Bachittar Dani,Jack Krishnan,13-06-1957,4.70862E+11,UPGGN4749G,"47/750, Karan Circle, Berhampur 360502",keya41@example.org,3614751959
Tarak,Raghavan,Chameli Iyer,Fitan Sem,28-10-1987,5.91581E+11,GXGWH1258P,"21/464, Mahal Street, Coimbatore 431286",anath@example.net,7237313945
Wishi,Dewan,Qasim Kade,Ekta Grover,30-11-1963,3.97821E+11,DFWJS4570C,"12/836, Gade Road, Katihar 399727",esalvi@example.com,188620639
Riya,Khalsa,Laban Bali,Yoshita Pandit,22-12-1975,25099248646,CSHYV3575W,"88/304, Dhaliwal Road, Rewa 145052",saksham13@example.org,1554591723
Ikshita,Chad,Aditya Parikh,Meera Jayaraman,11-10-1994,9.30757E+11,KGAMH1576N,"22, Pillai Chowk, Faridabad 186977",vrajan@example.net,8617013822
Alka,Maharaj,Daksh Sabharwal,Max Sura,31-10-1960,2.60201E+11,RJYHC4106P,"481, Pandya Nagar, Karaikudi 632075",girishsridhar@example.com,2670535728
Chaitanya,Balasubramanian,Jyoti Manne,Aayush Luthra,12-10-1956,2.33139E+11,RAHCL4222W,"320, Sidhu Marg, Ratlam-259556",behlarjun@example.net,6390294208
Frederick,Sarna,Chandani Dhawan,Daksha Parsa,03-05-1974,2.41586E+11,PGCXU6394K,"348, Kashyap Ganj, Bally-502232",banikleela@example.com,4256782627
Viraj,Sarna,Advika Bhagat,Aarini Rai,01-10-1990,76979124046,KFYYQ0976R,"21/56, Goel Chowk, Sikar 641482",xsubramaniam@example.net,493453868
Christopher,Sem,Sai Konda,Kalpit Borah,25-04-1985,4.66217E+11,EEUOR7080B,"H.No. 357, Kulkarni, Hosur-540499",faqid35@example.net,864540894
Lakshit,Majumdar,Samarth Sha,Vritti Dasgupta,21-11-1994,7.12691E+11,BUJRW1939Y,"61, Deep Marg, Bhagalpur 317604",narulaekalinga@example.com,4248095958
Harini,Sanghvi,Aadhya Dutta,Nathaniel Tak,14-10-1960,3.30857E+11,EQYYO1274Y,"69/00, Taneja Zila, Secunderabad-243185",qabil68@example.com,8488193855
Turvi,Soni,Radha Manne,Gavin Sachdev,27-07-1973,6.68284E+11,LZETE9400N,"11, Sagar Ganj, Indore 343691",ekiya38@example.org,4302892937
Quincy,Jha,Arunima Ramakrishnan,Matthew Swaminathan,19-08-1936,9.65471E+11,MGFOO4170F,"93/02, Dubey, Malda 942792",parekhdaniel@example.org,6084023112
Ekalinga,Khanna,Indrajit Chaudhuri,Tanvi Gulati,30-09-1973,1.67807E+11,MPGQS9597E,"77/039, Deshmukh Street, Arrah 100449",jeremiah86@example.org,1724438580
Rishi,Nadig,Veda Sabharwal,Eiravati Ghosh,09-10-1994,2.48919E+11,KVHJX6186I,"86/09, Lalla Ganj, Panipat 497393",aarini15@example.org,1042759896
Raghav,Reddy,Rajeshri Bajaj,Watika Kara,06-04-1977,1.18307E+11,DRKFS7820I,"H.No. 58, Sen Marg, Gandhinagar-712961",qsrivastava@example.net,462363687
Chatresh,Kota,Lavanya Krishna,Riya Kala,03-10-1995,5.25619E+11,MFLQI6975U,"627, Tella Zila, Ambala-513085",arorahenry@example.com,2726252160
Dayita,Ranganathan,Jonathan Ramaswamy,Bahadurjit Bal,09-03-1985,7.05076E+11,CZNSW3975R,"85/11, Sura Chowk, Kavali 236408",chakrabartiikbal@example.org,6653256300
Chanchal,Mukhopadhyay,Qabil Bhagat,Jagat Kulkarni,27-06-1956,2.54666E+11,FUVKT3321Y,"57/633, Dora Circle, Maheshtala-506682",baghyawati60@example.org,1787458898
Akshay,Sunder,Amrita Barad,Yatan Ratti,14-02-1954,8.28471E+11,EGEEF6203U,"61, Thaker Path, Medininagar 619494",eloke@example.org,3015874017
Oni,Pai,Ojas Shenoy,Qasim Korpal,09-03-1956,2.94431E+11,YILLT7864G,"29/338, Ray Circle, Khora -611561",gautami53@example.com,975148565
Guneet,Mody,Tristan Chakraborty,Farhan Brar,26-08-1998,9.01266E+11,RHVNU1226W,"68/243, Sarna Zila, Secunderabad-886400",gaurigarg@example.com,1599307666
Kamya,Parmar,Balveer Korpal,Qasim Dar,31-03-1996,7.23401E+11,QFAZK8713F,"H.No. 43, Seth, Dibrugarh-978980",aachal71@example.net,1063460754
Benjamin,Anne,Arya Bhakta,Lavanya Kumar,20-08-1936,9.71216E+11,ELHIG2213L,"27/36, Tak Path, Darbhanga 675280",eta66@example.com,6957662939
Indrajit,Sangha,Jackson Merchant,Andrew Dhillon,04-02-1968,69035756208,TLARN3223G,"851, Prakash Street, Guwahati 050271",xpillay@example.net,5800629113
Pratyush,Wagle,Yash Lad,Chameli Sethi,11-01-1980,94376683689,MYHAU6005E,"071, Date Street, Tadipatri-580925",bansalquincy@example.org,1658127571
Udant,Sabharwal,Kavya Suri,Eesha Ganguly,03-02-1971,7.34022E+11,ROMKE5932A,"39, Naik Road, Rajkot-632840",bhavikathakur@example.com,3037707085
Yuvraj,Cheema,Aayush Batta,Warinder Dixit,01-05-1939,6.60118E+11,DXBDU0858H,"80, Baria Zila, Bhagalpur 495525",battageorge@example.org,7275126870
Ekiya,Panchal,Anvi Dhillon,Kevin Savant,01-06-1984,8.93893E+11,NFBGE5224E,"H.No. 38, Venkatesh Chowk, Jorhat-126825",gaurang41@example.net,922916469
Saumya,Barad,Widisha Boase,Ikshita Manda,01-01-1970,6.73517E+11,PUTLZ1893V,"H.No. 38, Gara Ganj, Vijayawada-142437",mallicktamanna@example.org,4279915619
Alka,Srinivasan,Gagan Kota,Shivani Narang,04-04-1940,1.03333E+11,WFCKU3532G,"43/832, Vora Road, Vijayanagaram-997204",qsethi@example.com,4100576396
Gavin,Aggarwal,Aditya Sha,Manbir Subramaniam,21-12-1980,7.43158E+11,RNGWR1458O,"40, Dhar Zila, Chandigarh 336567",gunbir35@example.net,9060619661
Charvi,Bhatt,Gaurav Rajagopalan,Nathaniel Madan,10-10-1966,1.0143E+11,DNVAO5157Y,"H.No. 317, Bala Circle, Kochi-570824",yadavi40@example.org,2819978559
Upkaar,Borra,Neel Gill,Tripti Kapoor,25-12-1962,5.82111E+11,KLUCQ3820C,"99, Palan Street, Mirzapur 191342",harinakshihora@example.org,2984497407
Anmol,Om,Advaith Thaker,Joshua Chhabra,04-12-1973,8.22262E+11,JUCGS4924T,"56/46, Krishnamurthy Nagar, Ranchi-350712",narangnathan@example.com,1551336196
Hema,Borra,Joshua Butala,Nikita Saran,09-11-1964,8.97843E+11,ACZUC4784I,"86/557, Murthy Circle, Hazaribagh-416715",lallaharrison@example.org,689684952
Nicholas,Mital,Dipta Ghose,Gayathri Ray,21-03-1952,8.59129E+11,WGVGM9448D,"84, Sood Chowk, Karawal Nagar 391969",azaanbala@example.org,6632160741
Udarsh,Natarajan,Vihaan Ahluwalia,Azaan More,27-10-1937,9.9495E+11,HALRO9947P,"53/83, Konda Road, Kollam-814324",chatresh47@example.net,9695627834
Vedika,Vora,Rachit Nath,Kritika Balan,19-12-1958,6.74168E+11,XZJYN1916O,"014, Anne Circle, Varanasi 372977",prau@example.com,6947194315
Pavani,Pathak,Shravya Wali,Yoshita Dayal,11-04-1945,1.47955E+11,NPQLC6682X,"385, Raval Road, Panihati-272862",chaitalybaria@example.net,5346671664
Ridhi,Goyal,Vaishnavi Talwar,Saksham Rege,21-01-1966,626831569,KPYHI9573O,"H.No. 19, Zacharia Ganj, Belgaum-359710",waida79@example.net,5423876635
Kashish,Nair,Matthew Bhatnagar,Nitesh Kara,15-11-1942,6.52354E+11,TITSE0162V,"09/74, Sani Chowk, Amaravati-715078",lekhasrinivas@example.net,9284151522
Tanveer,Baria,Vinaya Nath,Ojasvi Rai,14-01-1992,8.58476E+11,DCGFQ2961G,"604, Solanki Circle, Muzaffarnagar-208745",vbadami@example.net,6770749068
Ekaja,Lall,Rehaan Raj,Nirja Kannan,07-05-1960,8.64571E+11,HPJGT8690J,"230, Dhingra Zila, Nagercoil 654780",fvenkataraman@example.org,2568144108
Nilima,Sachdeva,Saksham Bahri,Gabriel Anne,31-08-1944,4.65502E+11,GLAEF9920M,"H.No. 804, Deshmukh Marg, Srikakulam 401705",raaginisubramaniam@example.com,4909359368
Oviya,Bhattacharyya,Christopher Cheema,Gaurangi Bassi,16-02-1999,3.51692E+11,QVBJZ3361K,"H.No. 026, Pandya Street, Ajmer-659416",charvideshpande@example.com,8642648504
Rehaan,Kar,Aashi Gour,Arin Patel,29-02-1968,6.32974E+11,MZFYL7587F,"24/594, Lalla, Ambarnath 679321",patelishani@example.com,901439226
Timothy,Tailor,Ubika Varghese,Ira Pau,27-09-1960,6.66817E+11,XCFWQ9059U,"63/639, Gara Circle, Katni 037974",lallpatrick@example.org,9735330750
Waida,Mani,Hema Mohan,Hemang Sathe,21-08-1996,4.1881E+11,XYRZE2846F,"H.No. 45, Bassi Marg, Surat 751066",groverwahab@example.com,2954210779
Bhanumati,Bala,Janya Varughese,Teerth Hayer,06-12-1967,7.24996E+11,EMDQP5665W,"10/853, Dora Chowk, Anantapuram-119503",mitraqadim@example.com,9796423439
Diya,Choudhury,Sathvik Acharya,Chandresh Jain,01-06-2000,9.57571E+11,DZJWY8038H,"03/72, Sarkar Circle, Hajipur 143918",jatin96@example.org,3924899093
Zehaan,Mane,Ekalinga Devan,Mohini Sahota,15-02-1996,9.48541E+11,UYBIU8037Z,"91/515, Wali, Vijayanagaram 201318",geetika67@example.org,4395886080
Siya,Sane,Onkar Dora,Sanya Virk,16-04-1968,5.64983E+11,ZWEWG2310A,"11/797, Puri Ganj, Allahabad-487954",priya08@example.org,7747248273
Reyansh,Hegde,Rehaan Deep,Ishanvi Ratta,01-02-1952,3.02423E+11,GJPAF6567L,"61/65, Balay Nagar, Bilaspur 557549",aaravwalla@example.org,2600281270
Bimala,Soni,Dominic Kara,Anusha Hari,13-12-1967,6.68302E+11,ZVVQB3074E,"306, Bhargava Street, Alappuzha 870425",wyatt21@example.net,2635277473
Tejas,Varma,Aarav Khosla,Samar Sura,22-07-1936,6.15166E+11,GVNEK1831J,"47/818, Sankaran Chowk, Navi Mumbai-272034",gayathrirama@example.org,5634009052
Nicholas,Koshy,Farhan Kothari,Yashoda Savant,02-07-1952,6.67409E+11,RQGZB5033R,"30/50, Dey Chowk, Amravati-069761",prabhuvritti@example.net,1396364344
Shaurya,Choudhry,Yoshita Natt,Oscar Mandal,09-09-1938,7.75562E+11,JJOUT9645D,"81, Pillay Path, Suryapet-749955",ssrinivas@example.org,6927483289
Rudra,Sachar,Orinder Deo,Damyanti Subramanian,22-09-1975,9.85663E+11,EYQEE8297S,"H.No. 231, Khurana Nagar, Shivpuri-345628",chandanimall@example.org,7056268488
Libni,Roy,Arin Batra,Zayan Prakash,03-10-1960,9.54637E+11,RCYOP8938N,"69, Magar, Motihari 394730",nchauhan@example.net,4926574987
Abhimanyu,Chokshi,Megha Sekhon,Ria Mital,05-02-1999,6.92922E+11,FPZKX5482M,"94/48, Bahl Path, Kurnool 186354",ekbal37@example.net,1425170695
Nakul,Venkataraman,Meghana Dash,Reva Sem,17-01-1994,4.75949E+11,OCPXU3339U,"27/546, Goswami Nagar, Vasai-Virar 350998",chaitanya25@example.net,5199541064
Mitesh,Malhotra,Rishi Garg,Arya Naik,20-05-1949,3.16453E+11,WUSEQ1170E,"48/56, Goyal Marg, Jamshedpur-296777",advik53@example.com,6234058279
Jagrati,Tailor,Radha Chhabra,Nirja Bhalla,24-03-1948,3.67497E+11,FZRBN9328V,"04, Sekhon Path, Latur-286984",jbala@example.net,3435948411
Urmi,Badami,Daksha Saran,Lopa Golla,22-07-1983,8.10789E+11,ZNBME0621P,"80/666, Date, Khora  700905",prastogi@example.net,311080359
Chakradev,Bath,Anika Warrior,Aarush Bajwa,09-06-1950,8.5267E+11,SPNKY8689K,"73/71, Ghose Circle, Dehri 993606",matthew38@example.com,4523161079
Chaaya,Chad,Arjun Grover,Eta Nori,16-11-1934,3.51377E+11,MWETL2716P,"111, Som Chowk, Madanapalle 778448",raksha47@example.com,4044552458
Zehaan,Chauhan,Owen Saran,Ekantika Sekhon,18-05-1980,1.33754E+11,VVCMH2877N,"85/836, Ghosh Circle, Gurgaon 709704",sethsaanvi@example.org,5082564352
Manthan,Nanda,Nihal Mishra,Max Srivastava,01-11-1954,4.22658E+11,ONFTT7348T,"31, Chaudry Marg, Etawah 432890",oshanker@example.net,3151748004
Raagini,Thaman,Saksham Ramakrishnan,Gauri Amble,31-12-1949,5.1348E+11,RXQGR1221N,"H.No. 69, Khalsa Path, Deoghar-876977",pbehl@example.org,3720088259
Rachit,Kamdar,Patrick Choudhary,Ethan Din,17-12-1936,1.36478E+11,URLTB8123K,"75/808, Keer Marg, Srinagar 535179",bsule@example.com,5696989662
Upasna,Palla,Sanaya Bir,Laksh Varghese,01-05-1985,5.26717E+11,PIKFZ1305T,"H.No. 749, Batta Path, Hosur-746423",kabirgupta@example.com,1933313416
Sudiksha,Sami,Anay De,Priya Hari,04-03-1951,1.81328E+11,JPUSD8708P,"55, Wagle Nagar, Dhanbad-317078",rajuyashoda@example.net,1193968746
Upasna,Bahri,Oliver Murty,Wazir Chauhan,22-02-1940,6.37022E+11,OXADJ8330Z,"913, Setty Chowk, Kumbakonam 071960",triveni42@example.net,9798812899
Anika,Kant,Leena Dora,Gauri Hans,12-01-1984,3.55077E+11,SCHCD4539U,"80/22, Kannan Street, Bhilwara-319793",netra23@example.org,8363125836
Ikbal,Pal,Bhavika Malhotra,Harita Anand,22-12-1951,8.51743E+11,JSHZM3965R,"46/059, Chand Nagar, Bongaigaon-550989",qkara@example.com,4331187744
Zarna,Sahni,Bahadurjit Bhatnagar,Sneha Nagi,08-06-2000,5.64933E+11,QFSZH5483Z,"05/440, Arora Chowk, Nellore-526473",lwali@example.net,8558397178
Ikbal,Mahal,Luke Kulkarni,Arya Merchant,31-12-2005,3.26069E+11,UQWGJ4758A,"59/33, Edwin, Alwar-842674",jyotitoor@example.net,1378597155
Zehaan,Mody,Nidra Bedi,Veer Tara,09-05-1978,8.68365E+11,VFHLD8546I,"H.No. 445, Ramesh Ganj, Amritsar-607033",gollafariq@example.org,541449280
Liam,Kalla,Udant Balakrishnan,Arya Kala,23-10-1998,8.38439E+11,JMVGZ8835C,"36/065, Kara Zila, Srinagar 937027",siddharth29@example.net,9814528016
Indrajit,Solanki,Shivansh Dalal,Riya Dewan,01-02-2001,4.76833E+11,TLOVD6498Q,"753, Bedi, Jorhat-321924",imital@example.net,7048738274
Kabir,Rout,William Date,Gayathri Nagar,12-02-1958,9.4935E+11,ZDDVX1593C,"46/261, Nagi Chowk, Siwan-565152",faris83@example.net,3863973041
Wridesh,Panchal,Daksha Samra,Devika Khatri,11-12-1949,4.81369E+11,EJBKI4491Q,"02, Sheth Chowk, Surat-615167",nathanhegde@example.com,6696133286
Rachana,Dhar,Manan Ahuja,Yuvraj Kalita,11-07-1998,67232304984,WXSUN8355Z,"H.No. 04, Rama Path, Gudivada-250724",uppaljalsa@example.net,5432961003
Lavanya,Dhaliwal,Nachiket Choudhry,Timothy Kata,06-05-1982,2.56746E+11,ROACW2375S,"52, Raval Zila, Thanjavur 144398",ypatla@example.org,224741945
Riya,Acharya,Tamanna Bansal,Simon Srivastava,11-02-1977,44037420775,XWROK6555H,"35/17, Bhakta Road, Vasai-Virar-220670",vedhikapradhan@example.net,334431144
Barkha,Andra,Onkar Ravel,Luke Uppal,22-07-1947,7.64457E+11,IQRBH2293F,"04, Gill Nagar, Kanpur-233230",zsharaf@example.com,7750730581
Januja,Bahl,Idika Kala,Dev Halder,10-06-1954,1.9596E+11,AIHNV5632M,"094, Bhatnagar Circle, Bettiah 083694",sudiksha16@example.com,1630489731
Tanay,Choudhry,Isaac Ratti,Yadavi Manne,13-09-2004,95673645660,TMPGW2843R,"99, Nadkarni Path, Bellary-329422",akala@example.org,2978257547
Aachal,Chacko,Michael Badal,Vamakshi Kunda,04-01-1996,69100446160,DXRBM7187M,"H.No. 67, Nagarajan Path, Nashik 172991",csastry@example.com,4591206062
Isha,Natarajan,Priya Bahri,Sara Buch,03-09-1955,4.21071E+11,LESDP4661C,"22, Bava Path, Kumbakonam 149329",iryauppal@example.org,6609899061
Yatan,Patla,Girik Gara,Oscar Bedi,13-01-1961,9.78717E+11,ZCUAL6024K,"59/76, Bansal Path, Bhilwara 553816",labanbhatia@example.net,1471948447
Aishani,Palan,Dayamai Chandra,Radhika Sen,29-07-2006,3.57342E+11,LOVVQ6844D,"H.No. 781, Raj Street, Tirunelveli-786525",yadavi83@example.com,526647303
Bhavna,Sankar,Vaishnavi Mammen,Samaksh Thakkar,22-10-1947,2.90508E+11,RBVPS3693R,"09, Biswas Nagar, Bhimavaram 081320",frado40@example.com,9202990625
Pooja,Chaudry,Laksh De,Bakhshi Wable,04-03-1944,9.20474E+11,LYBED7460D,"H.No. 12, Bajwa Street, Bulandshahr-589565",kzachariah@example.net,4223295908
Arin,Dixit,Manya Balasubramanian,Oliver Balan,21-09-1963,4.19136E+11,KWBYB4832Y,"140, Sankaran Road, Ongole-269695",harish09@example.com,4006772434
Karan,Contractor,Chatura Comar,Zarna More,31-05-1991,4.44741E+11,HZKTK5903C,"07/924, Comar Ganj, Cuttack-475349",aptechampak@example.net,9872981496
Devika,Kota,Lopa Raman,Rudra Kapoor,21-07-1942,6.82977E+11,COXPO1794Y,"927, Butala Circle, Morbi 077220",yutika03@example.com,6928290971
Ethan,Rajan,Tejas Trivedi,Warinder Brar,27-03-2004,3.5883E+11,ICXYH1285T,"H.No. 34, Deshmukh Zila, Nizamabad 048064",alexanderbalay@example.net,5176793262
Vidhi,Kohli,Aayush Hans,Veda Dhar,21-06-1944,30575070669,GZAWQ8540M,"730, Virk Nagar, Chapra-128563",atharv01@example.net,6144159371
Fiyaz,Sood,Akshay Pau,Ganga Prakash,09-08-2003,1.08404E+11,FJOYK3442I,"H.No. 69, Borra, Sikar-887347",balasubramanianom@example.net,5527966520
Vanya,Dubey,Netra Munshi,Matthew Mahajan,08-01-1977,2.41847E+11,XWHMG3584A,"22, Pal, Gandhidham-251983",krisha07@example.com,5528771538
Tanmayi,Mann,Upadhriti Devan,Ishanvi Prakash,04-04-1964,8.08348E+11,YDLQR4121Y,"69/19, Varma Street, Nashik 954426",rattimichael@example.org,62870232
Fiyaz,Suri,Michael Ghosh,Vedant Mane,27-12-1993,8.96498E+11,YBBUS3329Z,"65, Mallick, Alappuzha 743482",gunbir43@example.net,9814230007
Pushti,Jain,Rachita Brahmbhatt,Raagini Iyer,31-10-1946,7.94378E+11,QCHEX9626U,"630, Lala Street, Naihati-853251",bmalhotra@example.net,9490903794
Suhani,Bawa,Wyatt Sagar,Rehaan Mittal,25-07-1954,4.29126E+11,YEWZW8965H,"56, Raju Path, Hapur-265132",hritik09@example.org,5915605039
Ekantika,Bora,Zashil Doctor,Samuel Rau,28-04-1988,5.32509E+11,TKGAM8565K,"H.No. 819, Mangal Road, Mau 818003",chakrabortyimaran@example.org,7431857426
Nathan,Thaman,Ayushman Vohra,Priya Pal,06-05-1977,5.36978E+11,RJFQL8502S,"46, Sathe Road, Panchkula-525560",chatreshbava@example.net,3911746602
Kalpit,Bajaj,Manya Bandi,Naksh Mann,14-09-1953,3.15547E+11,SBPMR9580W,"H.No. 08, Bawa, Etawah 255178",gsant@example.org,437001478
Aarav,Agarwal,Nitara Bora,Jacob Puri,12-10-1972,8.45011E+11,JJKAS9990Y,"63, Borah Path, Jamalpur-029148",xyohannan@example.net,185923769
Onkar,D’Alia,Ekbal Comar,Faras Patil,27-03-2004,3.00545E+11,WSZEU5195C,"156, Pall Road, Sambalpur-152899",mandanamika@example.com,6286220397
Falak,Khosla,Vansha Sem,Viraj Ganguly,15-03-1978,94218294155,ELEHF2839A,"H.No. 520, Sundaram Zila, Ghaziabad-723145",varughesewridesh@example.net,3154412776
Kashvi,Chhabra,Ati Toor,Forum Vaidya,06-05-1953,2.65957E+11,EQXBN7596H,"H.No. 396, Joshi Road, Eluru 195044",jgarde@example.com,2292659778
Eshana,Swamy,Dipta Pillai,Upasna Varma,23-08-1980,61051131423,TLTPE2000O,"42, Bera Ganj, Bhiwani-326917",sampathjanaki@example.org,460648722
Harita,Mann,Warda Madan,Nihal De,10-04-1958,7.51431E+11,GVMDY4396Q,"18/104, Pandit Street, Mysore-527190",vsama@example.org,417292029
Pratyush,Chad,Urvashi Rajagopal,Damyanti Bawa,16-07-1969,7.18712E+11,HYNIP6864F,"H.No. 54, Dugar Nagar, Haldia-599862",wadhwachaitaly@example.com,3469827725
Om,Bora,Widisha Shankar,Sai Handa,01-01-1969,3.75777E+11,GZEEX5291A,"H.No. 48, Raju Circle, Hyderabad-141068",arinmohanty@example.com,3096949239
Faris,Sankaran,Janya Aggarwal,Yahvi Buch,22-05-1973,9.49111E+11,ACGRF4691M,"46, Rajan Ganj, Amravati 285642",pranit40@example.com,4242742284
Bimala,Madan,Hiral Gola,Alexander More,06-03-1953,4.79179E+11,XODJP1705O,"56/883, Merchant Path, Guna 182014",timothymody@example.org,9717038585
Netra,Oommen,Victor Dada,Garima Gill,12-03-1936,5.99255E+11,GHMRU8934C,"695, Khatri Circle, Dehradun-213954",agrawalvedhika@example.com,1591555528
Dayamai,Ramachandran,Oviya Bains,Jacob Ahluwalia,14-10-1942,6.10301E+11,LLWXG2243P,"43/775, Munshi Circle, Kulti-025994",bachittar29@example.org,6600771183
Amrita,Prasad,Siddharth Parmer,Yagnesh Brahmbhatt,16-09-1963,7.08876E+11,YRSMI6803J,"H.No. 61, Gupta Road, Kolhapur 370201",gmanne@example.org,345236870
Raagini,Buch,Anya Kale,Qushi Shan,29-11-1959,2.74369E+11,KDISR3888K,"95/21, Parikh Nagar, Begusarai-541303",pillaiarya@example.org,5898666262
Tanish,Mani,Jackson Hayre,Utkarsh Shankar,27-01-1985,7.29555E+11,CLPRH8488Y,"76/831, Borde Nagar, Mumbai 314506",vedhika94@example.com,3181069424
Advaith,Walia,Gagan Chopra,Yoshita Khalsa,05-03-1957,7.62415E+11,UYQNV2343M,"31/75, Choudhury Street, Mathura-881016",yauvani73@example.com,9065952822
Nathaniel,Wagle,Christopher Edwin,Kabir Arora,30-12-1969,4.14676E+11,QRYKQ3861Y,"08/72, Mishra Ganj, Karaikudi-996559",fitan98@example.com,8428021088
Garima,Rattan,Dhriti Date,Quincy Sant,20-07-1974,1.67812E+11,LLGVJ4488O,"95/94, Sundaram Nagar, Hosur-087099",alkachoudhury@example.com,7366973585
Yachana,Garg,Lavanya Sant,Ekta Shroff,08-07-1969,7.07697E+11,OGFFJ2019G,"77/473, Sethi Path, Mirzapur-143110",rastogibahadurjit@example.com,575594781
Siya,Deshpande,Nihal Saran,Sachi Ratti,20-02-1983,8.53649E+11,WJYXR7856Z,"H.No. 80, Yadav Path, Kottayam 896847",chanakyabaral@example.com,592893202
Jeet,Baria,Andrew Pall,Yashasvi Gola,14-09-1970,9.55189E+11,HPWDQ0188C,"58, Suri Zila, Fatehpur 156138",janani14@example.org,1804029366
Jagvi,Tank,Rishi Gala,Nihal Issac,19-11-1969,1.07806E+11,BJLGG9966I,"32/77, Chatterjee Circle, Meerut 179671",diya64@example.org,6868866964
Owen,Chand,Arunima Dani,Bhavya Parmar,12-05-1947,3.65327E+11,JJWNE2282A,"86, Sura Zila, Madhyamgram-587410",routlila@example.org,4097474745
Farhan,Jayaraman,Amrita Sura,Qushi Nair,19-06-1949,9.24878E+11,CNTQI6580M,"44/42, Tiwari, Arrah 017189",seshadriharrison@example.org,165529348
Upasna,Chaudhary,Atharv Hora,Hredhaan Mody,03-02-1997,8.2692E+11,LHQME6767I,"H.No. 689, Puri Chowk, Chandigarh-723326",iramaswamy@example.com,4830552961
Praneel,Virk,Ekanta Mann,Dalaja Date,12-08-1981,6.64401E+11,AUVNR8965C,"14/46, Thakur Circle, Karnal 508062",bailtheodore@example.net,7265131727
Bhavika,Dash,Darika Ganesh,Xavier Khalsa,15-10-1967,6.08795E+11,RPKIP6649B,"619, Wali Circle, Tiruchirappalli 568129",dsubramanian@example.net,6609706531
Saanvi,Sinha,David Buch,Ladli Mallick,07-07-1943,1.46601E+11,DRVPA8709E,"H.No. 06, Rout Marg, Dewas-625535",dhruv38@example.org,2149546543
Rachana,Sabharwal,Adya Rau,Netra Nazareth,12-12-1969,3.4591E+11,ACAYE4067F,"79/605, Prashad Ganj, Gulbarga 503682",rkara@example.net,9135835844
Brinda,Garg,Zaid Palan,Onveer Chakraborty,26-09-1965,2.10903E+11,NPGPT3027Q,"H.No. 880, Jha Street, Fatehpur 340281",eswamy@example.org,5104204646
Charan,Sinha,Sathvik Oza,Lekha Mane,27-06-1968,8.971E+11,ZXIES9358Z,"93/569, Kapoor Ganj, Bhiwandi 877011",srivastavavrinda@example.com,3369316811
Warhi,Vohra,Maya Mohanty,Kevin Venkataraman,09-01-1977,9.36507E+11,SWMLV1354C,"03/86, Oak Circle, Udupi-588610",rvasa@example.org,1298426721
Gauri,Gala,Diya Dada,Benjamin Deol,04-07-1960,87080077033,XOHLF6634P,"72, Kala Ganj, Rourkela 809060",lalayashoda@example.com,9965167994
Girish,Murthy,Hemang Ramesh,Anthony De,20-10-1942,6.03177E+11,LSKGG0934I,"18, Gala Ganj, Mysore 389309",vtaneja@example.net,2784099027
Adya,Batta,Damini Bumb,Veda Singhal,11-02-1961,50549551388,ADXBK1970W,"62/923, Dora Circle, Begusarai-801137",ndevan@example.org,8578793320
Guneet,Behl,Devansh Rattan,Leela Kamdar,24-01-1981,1.31724E+11,XSKGC4620D,"249, Bahri Road, Faridabad 229407",xsachar@example.org,200851105
Gabriel,Comar,Madhavi Koshy,Anvi Mannan,05-11-1956,1.8369E+11,QAXJX0637O,"H.No. 039, Thakur Ganj, Thrissur 576619",rajeshri71@example.net,8851035508
Rishi,Basu,Bhavani Madan,Reva Bhatnagar,20-03-1979,8.12578E+11,SICCJ0906D,"45/89, Comar Zila, Cuttack 459893",ayaan80@example.net,9068879067
Girik,Dutt,Chandran Kapoor,Chanchal Ray,01-12-1987,1.62505E+11,JGIYA8503P,"318, Mallick Road, Kanpur-047932",balanupkaar@example.com,5028506772
Warjas,Venkataraman,Aadhya Ramanathan,Nihal Bedi,14-03-1987,61671240595,IVQVY4252W,"H.No. 51, Mannan Chowk, Panipat-094195",yasti82@example.org,2104289284
Oeshi,Oza,Lakshmi Raval,Rayaan Sidhu,05-03-2001,6.01783E+11,RQPMQ6999K,"H.No. 58, Thakkar, Bangalore-014036",mkhare@example.org,4847592720
Aryan,Balasubramanian,Kalpit Kala,Vinaya Nazareth,09-12-1937,2.50001E+11,EYYUE6992H,"63/833, Garde Street, Bulandshahr 043411",shanhamsini@example.com,7176053063
Ranbir,Suresh,Siya Basu,Qabil Sachdev,21-06-1993,1.38136E+11,NGAKU5048K,"985, Dyal Nagar, Khora  693649",jasmit44@example.org,7512904782
Tristan,Balakrishnan,Bhanumati Balakrishnan,Ladli Buch,05-06-2006,7.20875E+11,CPWXS0539W,"H.No. 302, Buch Road, Saharsa-557701",wmann@example.org,2631353265
Waida,Bajaj,Jacob Khatri,Aarav Bal,28-11-1955,6.94871E+11,TKJPF9295P,"H.No. 955, Raju Zila, North Dumdum-704345",devsane@example.org,7196669190
Idika,Ghose,Akshay Srivastava,Qabil Ram,09-12-1936,22991309362,RKTGY5831H,"677, Kala Chowk, Tiruvottiyur-517292",lpillai@example.org,5690269323
Janya,Nayar,Mugdha Shah,Bina Rege,12-06-1969,3.1501E+11,EJPWG1071W,"33/17, Mody Nagar, Bidhannagar 519249",basakishanvi@example.com,9692122875
Shravya,Bhatti,Krishna Bhargava,Omkaar Mammen,03-09-1967,7.72726E+11,YXXBV1979A,"H.No. 989, Mallick Ganj, Agartala 709655",lohit83@example.com,6660748147
Ira,Bal,Frederick Samra,Jacob Sarin,12-07-1993,13840759442,RORIF5871F,"51/019, Sabharwal, Jehanabad 424872",chamelibatra@example.net,6980515736
Faqid,Bains,Dominic Bhakta,Farhan Rajagopal,19-01-1981,4.60511E+11,AGBPG3609B,"112, Radhakrishnan, Bhimavaram 875190",shenoysneha@example.com,5548156839
Qasim,Chana,Barkha Roy,Chandran Patel,06-09-1941,5.58577E+11,TAQBI5734Y,"76/535, Gaba Chowk, Haldia 341572",choudhurylipika@example.net,8508669155
Priya,Bail,Azad Mistry,Faqid Viswanathan,11-06-1939,2.02106E+11,ONBUI5933U,"H.No. 30, Bains, Vijayawada 847760",praneel81@example.com,2786340574
Jasmit,Sule,Aditya Samra,Omisha Kaur,30-05-2001,5.99721E+11,DMNSK4725D,"027, Mallick Zila, Parbhani-992188",ksarkar@example.net,6853542726
Amrutha,Paalathara,Dinesh V.P,Meena Kumari.C,04-08-2001,7.75252E+11,,"Krishna, Peruvallur Post, Kondotty Via, Malappuram, -673638",amrutha.paalathara.1996@gmail.com,8592853589
